ASV 0,0.012039518,-0.017473051,0.116025284,0.058749292,-0.10579247,0.06716375,-0.032221626,0.14538065,0.1927238,0.0046636257,0.037545703,0.058765307,-0.04892562,0.2428775,-0.10992137,-0.2643732,-0.17668767,0.1277295,0.21761627,0.14557375,0.14830297,0.16684091,0.00915407,0.18323196,-0.15045592,0.12739477,-0.18709493,0.384804
ASV 4,0.14063881,0.039289065,0.024244845,-0.21809067,-0.054657795,-0.076481625,0.011135481,-0.09412286,-0.07560121,0.16765018,0.044015106,0.0037613707,0.06329979,-0.07198418,0.0440999,-0.18734756,0.27148464,-0.04467904,0.058805496,-0.04264779,-0.13832474,-0.13142003,0.042456828,-0.066330045,0.044194177,0.15531933,-0.14590894,0.11385022
ASV 8,0.13613173,0.011277727,0.05320581,-0.23474106,-0.050239008,-0.11418564,0.06731047,-0.09216353,-0.087947965,0.10992093,0.051933303,-0.060575843,0.086113535,-0.0956271,0.032973863,-0.14073785,0.27295473,-0.05591493,0.10283188,-0.038403712,-0.13969831,-0.14415586,0.013687572,-0.081249766,0.008667631,0.17047985,-0.1486769,0.11940411
ASV 9,0.1550544,0.009609646,0.035946865,-0.2639277,-0.026858917,-0.02707365,0.03235646,-0.068907805,-0.1036216,0.13133699,-0.030856928,-0.04549649,0.041760378,-0.089602664,0.032398455,-0.19191462,0.27171847,-0.102123246,0.067557,0.042461768,-0.13191554,-0.08994961,0.03941327,-0.018335504,-0.009395068,0.24605748,-0.13437541,0.15589012
ASV 10,0.1302098,0.02376661,0.071269736,-0.23919149,0.001599839,-0.08788729,0.09975516,-0.06891286,-0.07361409,0.14486462,0.051747017,-0.033147443,0.08085765,-0.060672477,-0.02059475,-0.15078926,0.26444146,-0.06520403,0.09389686,-0.035870284,-0.15813151,-0.12795691,0.022052687,-0.062304325,0.021480406,0.19054303,-0.1160227,0.12932482
ASV 11,0.18039599,0.008948525,0.039375048,-0.24801248,-0.018934943,-0.032230075,0.037943307,-0.06430055,-0.0909055,0.15270095,-0.042572685,-0.021546233,0.028604714,-0.06751141,0.006407097,-0.16586897,0.2898235,-0.08608756,0.060305722,0.0059934105,-0.12921342,-0.10734377,0.042051908,-0.011374916,0.012426549,0.25214678,-0.16488796,0.13907748
ASV 12,0.1677919,-0.0127589265,0.04202609,-0.27058408,-0.037502263,-0.052711092,0.057569835,-0.08362528,-0.10193588,0.14858277,-0.025461165,-0.06843201,0.021312715,-0.06460518,0.026703782,-0.19347808,0.29306468,-0.08646608,0.048893034,0.028622318,-0.120461576,-0.10557979,0.03827661,-0.03752458,-0.0059576742,0.25025824,-0.12782648,0.14240336
ASV 13,0.14657247,0.00941444,0.016877787,-0.26428494,-0.03836471,-0.032962475,0.044099744,-0.08061676,-0.11505229,0.11416915,-0.009292928,-0.036979467,0.047003508,-0.059477,0.042503282,-0.18650018,0.275722,-0.106768295,0.039885446,0.038399912,-0.13494547,-0.10127469,0.041032944,-0.016186338,0.0053359387,0.2477447,-0.14799587,0.16076842
ASV 14,0.118404135,0.05250669,0.07374971,-0.28636715,0.011997792,-0.019393094,0.03669154,-0.08809158,-0.095657,0.078270346,-0.044446893,-0.039705943,0.03187935,-0.08268422,-0.0047765584,-0.16333346,0.28443944,-0.11606262,0.07541439,-0.011822562,-0.12293155,-0.09357208,0.031655148,-0.05702798,-0.01664609,0.22539046,-0.1345558,0.17486665
ASV 17,0.16788249,0.061951697,0.0902218,-0.29206422,-0.018239075,-0.03525718,0.06803883,-0.07129426,-0.12621309,0.09084055,-0.045141876,-0.016819721,0.048497964,-0.06449316,0.00070713717,-0.15391988,0.23843522,-0.09760885,0.109736145,0.04788185,-0.14764832,-0.074295126,0.019174028,-0.014051226,0.042259518,0.2514507,-0.11690959,0.16475907
ASV 19,0.112709865,0.047912624,0.07929166,-0.26523438,-0.061320215,-0.13090295,0.08483908,-0.092316374,-0.089770734,0.14165738,-0.004845073,-0.045345347,0.06869897,-0.1056463,0.02719578,-0.18517591,0.22547641,-0.055827957,0.1410492,0.040278252,-0.116720036,-0.10654904,0.030762654,-0.08542523,0.011752366,0.16998214,-0.15117407,0.090335965
ASV 23,0.14020613,0.060268246,0.07906415,-0.21049578,-0.12768695,-0.20697768,0.03473368,-0.16968057,-0.058098704,0.1823806,-0.0062033273,0.040227965,0.11257518,-0.07962793,-0.045202818,-0.029623462,0.13066374,-0.0677344,0.058954675,0.015453464,-0.117702365,-0.055309933,-0.010841118,-0.011241247,-0.10502758,0.1545244,-0.039054,0.2559584
ASV 25,0.10786952,0.15885781,0.011006833,-0.24188244,-0.12685212,-0.2566332,0.015830372,-0.25015256,0.019782832,0.16556096,-0.06968634,0.0752079,0.16076204,0.018796483,0.020822277,-0.06653673,0.18848494,-0.11877264,0.06402695,-0.031506598,-0.12813608,-0.08714632,0.015393625,0.017670486,-0.10994178,0.19864573,-0.07097855,0.28271335
ASV 26,0.20273688,0.13478447,0.042643547,-0.20480087,-0.087634094,-0.19198965,0.04358279,-0.2515204,0.018900156,0.19667515,-0.095378384,0.0707147,0.15169972,0.04956977,-0.020309087,-0.0447774,0.24114029,-0.12906656,0.123383805,-0.030318428,-0.082126684,-0.024852104,0.05427278,-0.054098167,-0.10243384,0.13314678,-0.10452309,0.24472415
ASV 27,0.12813728,0.16238812,-0.013089159,-0.18412398,-0.11811129,-0.21917081,0.0039820042,-0.22862858,-0.027123226,0.21524327,-0.0862179,0.12053739,0.15099637,-0.013702764,-0.011268955,-0.069162026,0.21898636,-0.1512881,0.036305793,-0.03816609,-0.1326495,-0.07210097,0.0024688346,-0.04356644,-0.11284809,0.12626515,-0.09523082,0.27118495
ASV 28,0.17475645,0.19224288,0.0132061895,-0.23021974,-0.1144313,-0.19839448,0.058889672,-0.24183907,-0.0019358031,0.17560062,-0.09393981,0.10720869,0.1175677,0.001662307,0.0041109337,-0.055828396,0.21441415,-0.12375092,0.070312575,-0.053551108,-0.12240118,-0.028491907,0.051262256,-0.055887576,-0.11156434,0.13411573,-0.034440666,0.30572346
ASV 30,0.17250371,0.18471979,0.007126605,-0.19463517,-0.13504627,-0.23284785,0.07094499,-0.23299454,-0.009940434,0.16602995,-0.06793265,0.10333528,0.1367656,-0.02453677,0.01189256,-0.03751658,0.20522103,-0.13191563,0.047929037,-0.055308335,-0.10645853,-0.06946215,0.010631525,0.02185345,-0.07761414,0.18261701,-0.055976536,0.2875683
ASV 32,0.15742593,0.17821258,0.0550814,-0.20492604,-0.14354153,-0.21489888,0.012138325,-0.2159329,-0.039247062,0.18095607,-0.08013264,0.1227044,0.1594116,-0.008569758,-0.014316456,-0.04848634,0.22941619,-0.12187574,0.06532359,-0.060133375,-0.11186054,-0.047481872,0.0011842338,-0.025656737,-0.093602896,0.12622079,-0.055403206,0.2807937
ASV 33,0.10163264,0.1775458,0.027896618,-0.258774,-0.13624965,-0.22275308,0.013013136,-0.2407521,0.0033608305,0.2076521,-0.06014863,0.12035025,0.119745344,-0.027900545,0.02502757,-0.016776297,0.19667313,-0.12585148,0.038998675,-0.034005884,-0.1370172,-0.06889584,0.010790174,0.019534418,-0.111168206,0.16431227,-0.110528514,0.28568003
ASV 42,0.15744886,-0.013180336,0.0030982902,-0.22910158,-0.08797311,-0.037548088,0.05363899,-0.024209008,-0.08114802,0.15913884,0.044060867,0.04304108,0.10070625,-0.12071234,0.0569018,-0.03534323,0.16144678,-0.10407543,0.10720281,-0.05570764,-0.15051523,-0.04707384,0.049870573,-0.114487,-0.10999963,0.07400721,-0.065455765,0.19107002
ASV 43,0.16330324,-0.0057588266,0.064222865,-0.17590381,-0.11245691,-0.04188854,0.03473506,-0.078829825,-0.015419176,0.24549364,0.081823975,0.0024537842,0.028789328,-0.087179944,0.062328722,-0.084750764,0.12404186,-0.03450481,0.108175956,0.023441665,-0.15257394,-0.03839774,0.0049424786,-0.14005774,-0.040062547,0.10906835,-0.15305907,0.17716886
ASV 52,-0.0830812,-0.03326421,-0.021074567,0.026113532,0.0135594765,-0.12336302,-0.07071188,0.033392385,-0.06284122,0.047887538,0.037465096,0.14731228,-0.20362382,-0.07148023,-0.07848374,-0.083509885,0.096430466,-0.116323106,0.053547475,-0.058098726,0.0419336,0.003808742,0.03814053,0.02735008,0.19850764,0.021506248,-0.03524156,0.13505018
ASV 54,-0.030273087,-0.101940185,-0.07027947,0.069907,-0.0026753438,-0.0982608,-0.058394667,-0.0045451056,-0.0016124161,0.0795889,0.049803376,0.080973394,-0.18327363,-0.10023139,-0.13998802,-0.03336115,0.085365936,-0.08264855,0.12699519,0.006996538,-0.014606515,-0.012495419,0.026631061,0.08572763,0.2219593,0.08718434,0.06659104,0.15212858
ASV 55,-0.024224417,-0.15989348,-0.01703947,0.024170749,0.044461805,-0.17574528,-0.07130906,-0.036503956,-0.06451654,0.011114844,0.06772013,0.040362302,-0.16555089,-0.09953739,-0.13367972,0.014284025,0.071359575,-0.07982505,0.058608517,-0.061138865,0.017710267,-0.030938715,0.042640984,0.03749418,0.15406547,0.06041014,0.0116780335,0.14612621
ASV 56,-0.00015072156,-0.14474265,-0.031708088,0.027646914,0.045621946,-0.124390624,-0.13152072,-0.0133968,-0.051500082,0.019919395,0.013457093,0.07286698,-0.1700486,-0.06746758,-0.12978831,0.005482944,0.11112748,-0.11380974,0.10215786,-0.07307247,0.052518435,-0.0023301186,0.04037384,0.014252854,0.10971616,0.0037315118,0.02148089,0.17329532
ASV 57,-0.028767524,-0.11374571,-0.04596446,0.028539123,0.0027125156,-0.1504973,-0.1042665,-0.039985046,-0.07248385,0.04602116,0.017109543,0.067557044,-0.12864856,-0.06214363,-0.12737933,-0.03128783,0.043832604,-0.113657765,0.060648713,0.017901776,0.046727285,0.00893883,0.03292442,0.07398612,0.12843733,0.05360589,0.04969776,0.16135703
ASV 59,0.004156838,-0.12935677,-0.074834354,-0.01657063,-0.013079084,-0.09667115,-0.048142582,-0.03664931,-0.03855393,0.035905737,0.07621973,0.026176091,-0.18061534,0.07103834,-0.08359595,-0.016733902,0.020170541,-0.18032607,0.13215184,-0.023715341,0.066550404,0.03698746,0.075167365,0.054505777,0.1587919,0.03888393,-0.015840521,0.15672408
ASV 60,-0.024896273,-0.15518613,-0.10480146,-0.02613141,0.019730961,-0.10144626,-0.07329761,-0.057388537,-0.0068741976,0.06163668,0.13013028,0.03642487,-0.1566375,0.067252934,-0.05366121,-0.018985465,0.014165816,-0.18896854,0.14401005,-0.057854448,0.042638,0.044589456,0.1073667,0.07532451,0.11786209,0.040915143,0.01862793,0.1583041
ASV 61,-0.070153534,-0.13343933,-0.059895605,-0.06307905,-0.026611539,-0.12943988,-0.048630726,-0.07946977,-0.021128044,-0.010471283,0.10162585,0.09656281,-0.17415449,-0.00080523407,-0.06674945,-2.1613967e-05,0.007073554,-0.11856164,0.08429375,-0.049357478,0.04349594,0.04661797,0.1538655,0.029405365,0.15732355,0.0705803,-0.012953187,0.13591096
ASV 62,-0.042261027,-0.10515954,-0.102718614,-0.053670365,-0.05664031,-0.09358508,-0.012613655,-0.034687746,-0.03385079,-0.033948958,0.07821643,0.038548827,-0.21270326,0.06715232,-0.09176443,0.040915467,0.081558295,-0.19204102,0.14390205,-0.08345664,0.0539713,0.022260524,0.11366666,0.05466092,0.20072329,-0.0064990786,0.007360507,0.18677786
ASV 63,-0.012219738,-0.13365522,-0.09590249,-0.002596873,-0.014973743,-0.07294781,-0.040048223,-0.068261206,-0.0324571,0.049375135,0.12688111,0.07194192,-0.2013667,0.044469032,-0.041875776,0.005902808,0.026334764,-0.17608915,0.097921625,-0.043797143,0.054769687,0.061395552,0.08415345,0.04251721,0.14165294,0.07386494,-0.041052368,0.14158222
ASV 64,-0.004920074,-0.14249055,-0.027539313,-0.033876535,-0.009835403,-0.09883627,-0.08450804,-0.058863338,-0.06506112,-0.013806919,0.14960954,0.105952695,-0.15222643,-0.012110519,-0.046736732,0.058647644,0.067520365,-0.15722309,0.19255616,-0.016488262,0.022342414,0.10527414,0.059676673,0.05999843,0.17467684,0.034370784,0.0446303,0.15475371
ASV 66,0.005974966,-0.0714162,-0.10164234,-0.0013844279,0.033189986,-0.07746875,-0.08899975,-0.069973156,0.015070184,0.05093819,0.031217316,0.029839838,-0.18327744,-0.03331133,-0.032921713,-0.052309915,0.051260855,-0.12328138,0.13858773,-0.018027542,0.0641653,0.019119488,0.09393615,0.028694434,0.13939075,0.02845355,0.018291702,0.13591716
ASV 67,-0.0641699,0.2696962,-0.14275505,0.073192745,0.09688839,-0.057293035,-0.14297655,0.25511214,-0.13168125,0.02884261,0.20125286,-0.1550225,0.06411551,0.033472553,-0.017829191,0.2985035,-0.028059894,0.050987657,-0.08686802,0.13137358,0.27544767,-0.054674774,0.17155051,-0.2988202,0.07542121,0.22647716,0.08997917,0.010419828
ASV 68,-0.053412963,0.2380532,-0.14996125,0.059174288,0.060917117,-0.039876044,-0.14154598,0.275319,-0.10448494,0.07005158,0.16246946,-0.15121777,0.056857135,0.02814879,-0.014899273,0.26397467,-0.020612078,0.06990031,-0.036301795,0.10188332,0.27481478,-0.06513513,0.20343943,-0.28605056,0.046534784,0.18196839,0.07461204,-0.0067983908
ASV 72,-0.007660542,0.265823,-0.13149337,0.0866436,0.13460673,-0.062370237,-0.1332476,0.31158212,-0.1091881,0.109169655,0.12869859,-0.1736917,0.06759552,-0.023027476,0.0043998086,0.21423118,-0.012399712,0.10483139,-0.057309266,0.11810935,0.30459744,-0.07769196,0.18959521,-0.23869956,0.026272153,0.2241547,0.11024271,-0.028069584
ASV 73,-0.056268852,0.25823838,-0.1250878,0.055580102,0.058295064,-0.027626198,-0.1742298,0.25301576,-0.080725186,0.05651687,0.17305982,-0.14003651,0.064802274,0.011665894,-0.0022760984,0.26269504,0.0032436892,0.08099267,-0.033453386,0.09404882,0.27384657,-0.068470426,0.16707435,-0.26915163,0.077856325,0.2046991,0.08795321,-0.016778918
ASV 74,-0.06490649,0.24778354,-0.15852852,0.08834932,0.07593166,-0.048588384,-0.1731815,0.277479,-0.1344092,0.059658743,0.21431491,-0.15687495,0.08812149,0.07253736,-0.017053433,0.26130515,-0.0075092665,0.042253528,-0.037714213,0.12026078,0.26896995,-0.04123473,0.17615089,-0.29062346,0.064861625,0.21059817,0.08164117,-0.01918924
ASV 76,-0.04600222,0.23375434,-0.15763189,0.09224871,0.088784955,-0.060223665,-0.1802828,0.2718292,-0.12671487,0.05502669,0.20618755,-0.17286648,0.07762799,0.06148098,-0.0059425873,0.26529965,-0.005382964,0.05172375,-0.051462863,0.14202997,0.2745825,-0.0569167,0.14944977,-0.2782644,0.07112413,0.21301615,0.08519424,-0.0050928206
ASV 77,-0.034610122,0.26686946,-0.16232044,0.08942192,0.04971119,-0.016691633,-0.15589547,0.27324647,-0.112537,0.08651812,0.1847836,-0.14601281,0.096742116,0.048210423,-0.010574636,0.24078107,-0.007955848,0.054072995,-0.05813392,0.11479385,0.2690237,-0.06637521,0.17114122,-0.28652513,0.069922626,0.17079711,0.11235256,0.009224436
ASV 78,0.060630657,0.063886985,0.059345435,0.0776099,-0.057151917,0.049427282,-0.003555377,0.033910204,0.0971574,-0.026880395,0.0057388325,-0.025431802,-0.06846618,-0.044030905,-0.07062261,-0.057280775,-0.022911629,-0.04091276,-0.10812663,0.066281825,-0.14629155,-0.013876192,-0.12219989,0.10400792,-0.09662451,-0.11576255,0.021906478,-0.13266036
ASV 80,-0.035715558,0.25806305,-0.136083,0.08518376,0.062661804,-0.060924485,-0.13563304,0.29080367,-0.096251346,0.098958835,0.13204569,-0.14331223,0.09224292,-0.028191859,-0.017497573,0.25414756,-0.024607537,0.032649312,-0.03992787,0.11198761,0.27972806,-0.038793728,0.16887473,-0.23580067,0.034178354,0.18990996,0.12595925,0.006416863
ASV 82,-0.058308322,0.24635403,-0.13363726,0.0767636,0.08747029,-0.030771913,-0.16780256,0.27112865,-0.1295912,0.0509638,0.22750805,-0.17039384,0.09164241,0.0674901,-0.0010977106,0.29334936,-0.014544983,0.04297471,-0.057033744,0.12456151,0.27613673,-0.046898626,0.1443571,-0.2943641,0.055339538,0.22810741,0.11821672,0.00571831
ASV 91,-0.03935696,0.24213445,-0.13484001,0.076514244,0.055680327,-0.018022627,-0.17983611,0.27026674,-0.07968122,0.057584323,0.18119648,-0.15105276,0.06929403,-0.0013349549,0.0039058465,0.2615996,0.014433056,0.08171844,-0.012872904,0.10152379,0.28431383,-0.06515886,0.16931804,-0.2545093,0.055281352,0.20350659,0.06722626,-0.013109796
ASV 92,-0.07186235,0.24812599,-0.1592565,0.08831798,0.090435095,-0.04234541,-0.18726383,0.25717744,-0.12562472,0.044981547,0.22304727,-0.1730797,0.093142964,0.061152834,-0.011397639,0.2717186,0.0047844,0.043585088,-0.035902355,0.1336311,0.267452,-0.036216266,0.16877793,-0.2967494,0.0526398,0.21210165,0.102691226,-0.0030410567
ASV 93,-0.052818935,0.2515802,-0.13358589,0.07862442,0.08991401,-0.00985601,-0.14624763,0.2498479,-0.071191475,0.07820772,0.17966951,-0.16568339,0.07897272,0.0117146075,-0.0028455586,0.26020163,0.0019481818,0.050036114,-0.020321084,0.11621601,0.26549953,-0.052502226,0.15447837,-0.272061,0.04928173,0.21483563,0.066038,-0.015636638
ASV 94,-0.046669163,0.23128575,-0.12082083,0.09569968,0.10656796,-0.0645438,-0.17501064,0.28506112,-0.07295678,0.074782595,0.17952342,-0.16717964,0.10593937,-0.039866637,-0.019462721,0.23657049,0.02413352,0.094653815,-0.02899051,0.082010336,0.2783234,-0.056180414,0.20230037,-0.263304,0.011803478,0.16915134,0.12654322,0.014039913
ASV 95,-0.047341947,0.25799915,-0.13858025,0.104615286,0.0907253,-0.051648844,-0.18125534,0.2627538,-0.11271419,0.068378165,0.22036251,-0.18046097,0.07131522,0.07178747,-0.015462811,0.2764973,3.852259e-05,0.049817942,-0.04167306,0.11949187,0.2798658,-0.040644404,0.1454066,-0.29481733,0.056051336,0.20613086,0.104260005,0.011022352
ASV 96,0.021651717,0.24379003,-0.13453887,0.016512388,0.051993143,0.042001393,-0.19100155,0.18883543,-0.0641073,0.124441065,0.17259626,-0.17031746,0.012666603,-0.024466336,0.02123946,0.24416262,-0.042444382,0.10761768,-0.07108645,0.15377797,0.25053814,-0.022569105,0.26048747,-0.2194325,0.094833806,0.14591369,0.09840469,0.044514913
ASV 97,0.040068287,0.17975211,-0.13177007,0.04849706,0.033594202,0.0038892229,-0.21206121,0.21239202,-0.060606316,0.06917269,0.18851633,-0.14952254,0.10969862,-0.0065351767,0.006568173,0.22004119,-0.09820299,0.06338121,-0.077365324,0.14566533,0.26017904,-0.004638261,0.26023674,-0.20064765,0.076992124,0.2156071,0.10712452,0.057043422
ASV 100,-0.08248701,0.21658759,-0.09966708,-0.027810505,0.2067209,0.077646285,-0.25479576,0.17384946,0.0009554186,0.16770265,0.09802343,-0.07735583,0.09701528,-0.06635971,-0.09795576,0.19990648,-0.12066285,-0.018844038,-0.05672462,0.19240859,0.17905071,-0.12321087,0.109883845,-0.18214567,0.030422661,0.09823971,0.0641924,0.10443087
ASV 101,-0.08284333,0.27581534,-0.06168956,-0.050399188,0.14727823,0.06525824,-0.19210687,0.21021704,-0.014966775,0.1963315,0.13608679,-0.024682006,0.06979687,-0.06902962,-0.06475334,0.23559447,-0.15756811,-0.031846534,0.018099748,0.19210783,0.1813786,-0.03998705,0.1481174,-0.10544999,0.08164501,0.13211992,0.009348233,0.041238695
ASV 103,-0.04344969,0.19354971,-0.037883356,-0.04104577,0.19035472,0.06352011,-0.18514664,0.23116003,-0.003908911,0.15464145,0.10534794,-0.11269022,0.068931654,0.013284787,-0.1380816,0.23024333,-0.085088804,0.055565495,-0.04162766,0.1294144,0.20479716,-0.11861505,0.16321103,-0.12211664,-0.0052804067,0.09348187,-0.012325091,0.122581676
ASV 111,-0.011160406,0.29626155,-0.078291595,0.14015043,0.052261528,-0.049587954,-0.16743433,0.25945744,-0.1253384,0.16646111,0.23392332,-0.21533225,0.023422236,-0.060340792,-0.078604706,0.18785885,-0.02799231,0.119058,-0.08881931,0.12014416,0.325553,-0.05077823,0.2282904,-0.222209,0.13961269,0.1863544,0.01068429,-0.047895435
ASV 120,-0.016301481,0.18408003,0.058967017,-0.060620777,0.13161798,0.002987767,-0.22585468,0.23392445,-0.06341489,0.15329178,0.10130092,0.031969585,0.17112957,0.0629041,-0.07180671,0.22965994,-0.027302273,0.077666625,-0.0432475,0.18634886,0.32239813,-0.14075932,0.09525367,-0.10126281,0.11079608,0.061895076,0.009867816,0.013960334
ASV 121,-0.015414396,0.18909271,-0.028030815,-0.024772065,0.09933345,-0.02471821,-0.15065667,0.18982132,-0.09268332,0.13938457,0.12484678,0.004086692,0.1316358,0.022750739,-0.055944722,0.24735531,-0.06112147,0.02559967,0.024061382,0.1846418,0.24384433,-0.09153508,0.06871369,-0.13490523,0.06388219,0.058705848,-0.026909664,0.001543933
ASV 123,-0.010750794,0.18667693,0.03173181,-0.03372601,0.11316854,-0.020035127,-0.25791538,0.19260375,-0.077488735,0.14399259,0.12969746,0.024735408,0.17366557,0.05748091,-0.042933073,0.27224454,-0.015036341,0.061130244,-0.020186963,0.13226104,0.34408185,-0.13452357,0.1182694,-0.10065866,0.06475779,0.00856446,-0.038933236,0.019408887
ASV 124,-0.019150864,0.18292837,0.048145264,-0.07462683,0.14292115,-0.019215982,-0.21579413,0.23178232,-0.045284476,0.09579612,0.100917324,-0.03808155,0.14910214,0.050245825,-0.025038313,0.20560446,-0.041776787,0.033659175,0.0033458443,0.16875711,0.3126085,-0.13099189,0.06594362,-0.15412354,0.06681387,0.03393674,-0.007099739,0.044608276
ASV 125,0.032337844,0.22192745,0.09022026,-0.057457402,0.14564656,0.016027197,-0.23512489,0.22903702,-0.13441254,0.08228248,0.07782063,0.018019414,0.15673225,-0.01402211,-0.04258856,0.23811017,-0.04929373,0.026500419,0.008980773,0.1537681,0.33248198,-0.07379671,0.11743527,-0.16765365,0.101228215,0.020813389,-0.031468134,0.01268299
ASV 127,-0.08416017,0.20915525,-0.094831064,0.0019517405,0.12636052,-0.09954968,-0.112625055,0.29580274,-0.08518833,0.08727305,0.18266372,-0.18180375,0.10174243,-0.030611133,-0.04216713,0.2524113,-0.10454199,0.028829485,0.02809674,0.15806983,0.22215058,-0.06270195,0.2498047,-0.17070353,0.05999338,0.15279777,-0.007958919,-0.003135818
ASV 131,-0.04741269,0.18438451,-0.022218626,-0.028731368,0.029733187,-0.06128191,-0.1720885,0.24325779,-0.057482567,0.09158324,0.1902224,-0.18683816,0.13004656,-0.06520692,-0.05133877,0.22858404,-0.11474775,0.06428173,-0.01565167,0.13119179,0.2648913,-0.014557368,0.24167275,-0.25424272,0.030949602,0.15505755,0.043362193,-0.008977611
ASV 135,-0.14075986,0.04120752,-0.0700725,-0.06080648,-0.05778895,0.14052132,-0.05693427,-0.057409167,-0.044455737,0.13638693,-0.11461472,0.014209945,0.03705089,0.059184223,-0.05221167,-0.070175335,0.013890403,-0.013276149,-0.029213486,-0.13784523,0.0563468,0.09456659,-0.121693015,-0.047913402,0.06880621,-0.08021008,-0.019170053,0.02211871
ASV 137,-0.12824316,0.043208547,-0.010199776,-0.08105807,-0.0034694069,0.1551083,-0.03469939,-0.00031005073,0.016793873,0.08619917,-0.14455885,-0.057284035,-0.046677873,-0.028677823,0.006672173,-0.08032044,0.002388181,0.006347466,-0.050457943,-0.118988365,0.11691723,0.12837616,-0.112132296,0.043807786,0.0022131312,0.01639468,-0.046976566,0.094127394
ASV 145,-0.064908214,0.006792165,-0.06304808,-0.024655629,0.034758676,0.011211075,0.089485474,-0.0485812,0.010597708,0.040687017,-0.08797524,-0.06716744,0.08452593,-0.066679426,-0.05314565,-0.008067814,0.025018366,0.08851208,0.057311315,-0.09147463,0.06617,0.1149249,-0.10951614,-0.00014324706,0.11393186,-0.090486325,-0.007347487,0.06241123
ASV 146,-0.0627034,0.0044091344,-0.066861466,-0.020724172,0.04115784,0.031271987,0.082000114,-0.06022862,-0.001426411,0.031968955,-0.03363316,-0.051038507,0.06386669,-0.06761651,0.0062789675,-0.068325795,0.013132671,0.10419452,0.018797293,-0.049266767,0.0911609,0.17228219,-0.052266814,0.022096483,0.071302906,-0.076577485,-0.035360403,0.09631494
ASV 154,0.028243575,0.008116863,-0.14649925,0.06369885,0.017972158,0.14162506,0.088367626,-0.0952633,-0.013313955,0.0108051915,-0.087274015,-0.11296986,0.04784874,0.02385196,0.09788089,-0.10482104,0.028752668,0.006081111,0.123167805,-0.14674088,0.14798479,0.26449597,-0.17256041,-0.011452146,0.14795373,-0.03678302,-0.06475199,0.013973011
ASV 155,-0.23888937,-0.089866005,-0.16384766,-0.079280496,-0.049926147,0.0051297178,0.10008534,-0.23918428,0.016382962,0.034154028,-0.025643881,-0.15397365,0.13837348,-0.15399629,0.10680354,-0.08892132,-0.0017105318,0.029686337,-0.048722055,-0.013097606,0.22976106,0.18308225,-0.0875077,0.13552444,0.09710408,-0.13314702,-0.061957963,0.015488292
ASV 162,-0.269296,-0.084710486,-0.09535359,-0.09805414,0.041151706,-0.013797008,-0.023775868,-0.23344505,0.11540043,-0.032356374,-0.120397896,-0.051891197,0.08454422,-0.10077924,0.13019772,-0.04445004,0.082187854,0.0848163,-0.069605306,-0.039803617,0.2312936,0.19432802,-0.1878045,0.10834039,0.16206251,-0.039062936,-0.056057975,0.018139763
ASV 168,-0.062691174,-0.0043101558,0.0018453731,-0.018606093,0.03972304,0.0051114815,-0.022804437,-0.12336747,-0.042863574,0.020775458,-0.094949715,-0.13079765,0.10418857,-0.032811757,0.0116384,-0.1298945,-0.06240035,0.03329027,-0.0057520573,-0.16366056,0.18430132,0.13867284,-0.16577004,0.09001061,0.19092984,-0.042016108,-0.123138174,-0.0041028336
ASV 169,0.06142249,0.07708215,0.039961636,0.11623127,-0.08272502,0.031277504,-0.00745575,0.007751407,0.113029994,-0.0105554005,-0.0022949043,-0.017929826,-0.080522746,-0.04739673,-0.08363773,-0.066559836,-0.030533677,-0.031724576,-0.09805357,0.07079732,-0.14961165,-0.013739188,-0.12087384,0.12059315,-0.07866014,-0.10082225,0.013006911,-0.17167856
ASV 172,-0.15132757,0.021013238,0.011135501,-0.0773587,8.359464e-06,0.019974193,-0.017994555,-0.16195267,0.059771493,0.019209366,-0.03022551,-0.15324539,0.07324641,-0.109546475,0.0021083255,-0.03381711,-0.06507015,0.10454424,0.096582666,-0.15724148,0.10673082,0.1467871,-0.13303773,0.07082002,0.13752547,-0.05943843,-0.054582175,0.035660192
ASV 174,-0.09771055,-0.0043123565,-0.15773144,0.031844895,-0.07335835,0.044265013,0.021841984,-0.06288661,0.0368841,0.03903603,-0.045928977,-0.09600635,0.11586049,-0.03956519,0.07201682,-0.08397697,0.023108687,0.03995264,0.07839893,-0.15058555,0.11217663,0.14087938,-0.11496281,-0.0011214733,0.078533635,-0.09830859,-0.12710913,0.026604936
ASV 177,-0.07967772,-0.044845223,-0.12711312,-0.012249143,-0.16189541,-0.053074628,0.01543872,-0.098742425,0.062446903,-0.0062781735,-0.1826507,-0.1781882,0.14235896,-0.0714742,0.044086024,-0.022188753,-0.09931588,0.02322768,0.1259906,-0.059792507,0.15401027,0.1858263,-0.10734306,0.05956433,0.12118776,-0.14852531,-0.077853166,0.09880058
ASV 183,-0.09480512,-0.04179409,-0.08390048,-0.06739859,0.107031226,-0.027283972,0.15618017,-0.052241016,0.049102325,0.01468835,-0.05107475,-0.09275625,0.0896614,-0.019151002,0.0083439555,-0.06970201,-0.05944087,0.0936358,-0.0075614885,-0.07385496,0.050158437,0.16540182,-0.108244665,-0.020019691,0.14382108,-0.03406674,-0.06674439,0.06752271
ASV 188,-0.030879157,-0.14606042,-0.15214603,-0.07943505,0.10718207,0.034554705,0.11540699,0.032177575,0.029535139,0.006549457,-0.03353181,-0.017559309,0.17029828,-0.044021178,0.0508493,-0.034743894,-0.02409411,0.09729994,-0.043504436,-0.12056018,0.012764679,0.23696561,-0.11255886,-0.0073082955,0.14258912,-0.110087894,-0.061441496,0.11837218
ASV 189,-0.049993236,-0.13981771,-0.101905674,-0.07226013,0.119477555,0.020567453,0.113683105,0.03132803,0.028801443,0.009155688,-0.07607948,-0.019412562,0.1562315,-0.08449819,-0.015611887,-0.01228012,-0.03286116,0.11535286,-0.038460296,-0.09593942,0.0073107616,0.21733262,-0.12825286,0.00078933255,0.16454016,-0.08942122,-0.084166,0.11000434
ASV 191,-0.031376,-0.16249506,-0.13320352,-0.05240069,0.13051811,0.034287807,0.096049674,-0.0020871912,0.042429857,0.012392266,-0.08206621,-0.020007163,0.18603165,-0.07036893,-0.0325736,-0.014545252,-0.024609903,0.11665183,-0.019738073,-0.11630785,0.021503387,0.23255797,-0.08867428,0.014537131,0.14808276,-0.06548257,-0.10222338,0.076454625
ASV 193,-0.032293726,-0.15472093,-0.12326936,-0.08018276,0.08912862,0.02050476,0.09997774,0.0137307,0.038813677,0.04244101,-0.07798756,-0.0035310716,0.1745288,-0.060247343,-0.022286922,-0.02049425,-0.030020664,0.14125603,-0.04282901,-0.09421779,0.019323722,0.20761305,-0.08012296,0.0077639385,0.16327843,-0.116894566,-0.07156178,0.09490192
ASV 194,-0.008382066,-0.10824933,-0.12951364,-0.08812302,0.10342324,0.032594256,0.15625083,-0.0075115385,0.04952276,0.1042884,-0.06963625,-0.021829428,0.12942393,-0.047987048,-0.01761373,-0.028684573,-0.08516085,0.1380516,-0.020822732,-0.085674934,0.028784389,0.18602319,-0.09855842,0.043096665,0.1952793,-0.086114205,-0.07136855,0.052671455
ASV 197,-0.036677383,-0.16980822,-0.0983523,-0.07414979,0.11279324,0.0032519728,0.08688012,0.034228135,0.046153244,0.022083886,-0.111212365,0.034193374,0.19142829,-0.09689285,-0.029828146,-0.014030857,-0.02297585,0.17094232,-0.015962953,-0.11653269,0.0106405355,0.27516094,-0.10502647,-0.03112836,0.14666685,-0.12717123,-0.094729565,0.09268635
ASV 198,-0.017757185,-0.10087684,-0.14354241,-0.08387827,0.07434004,0.02292061,0.14943786,0.018024756,0.03840764,0.048689187,-0.040487457,0.0013941225,0.1274115,-0.10234611,0.019275775,0.034593076,-0.076784655,0.14556038,-0.004851779,-0.11082863,0.015512006,0.21068415,-0.08971048,0.06233892,0.11443292,-0.090066835,-0.086087525,0.1067375
ASV 199,-0.06999568,-0.162723,-0.12872855,-0.06774918,0.13544457,-0.00074572023,0.0873252,0.013356164,0.047589913,0.03091583,-0.06085069,0.031101396,0.17389151,-0.06964243,0.0076284767,-0.024438474,-0.05626425,0.14906427,-0.017340383,-0.07627452,-0.025794378,0.2849917,-0.118372664,-0.027787428,0.13166958,-0.10373033,-0.09252579,0.11418551
ASV 200,-0.039331317,-0.15497182,-0.09433383,-0.07635131,0.11735233,0.03371796,0.11637995,0.006361098,0.012282364,0.02050316,-0.04676622,-0.01975169,0.18974054,-0.07005992,-0.026053201,0.002965116,-0.036623575,0.10405188,-0.016597616,-0.11095936,0.004217788,0.24439701,-0.13043633,-0.005107641,0.16932683,-0.11923567,-0.053407557,0.10477126
ASV 201,-0.017525334,-0.123412475,-0.1451641,-0.062111165,0.13354477,0.009976421,0.11557609,-0.03615314,-0.0008049414,0.0635685,-0.052946072,-0.00568883,0.14417216,-0.11393867,0.00605157,0.023718596,-0.0689738,0.08935987,0.005449283,-0.06383907,0.03360592,0.21077526,-0.13501148,0.03104804,0.12281706,-0.102764286,-0.1147561,0.05613909
ASV 202,-0.029732065,-0.1264147,-0.09714242,-0.08702617,0.12827353,0.057727505,0.0892151,-0.0011206572,0.021338902,0.04345216,-0.04896277,-0.02229119,0.14973488,-0.068346925,0.02275393,-0.038648266,-0.069254056,0.0952211,-0.04841459,-0.11721317,0.0062172166,0.24956101,-0.11056194,-0.006644037,0.15808672,-0.07614566,-0.06034132,0.09656073
ASV 204,-0.06394033,-0.14469251,-0.10622956,-0.072317585,0.099401385,0.01356041,0.10550559,0.03506713,0.022431012,0.0113648735,-0.06342837,-0.0014477175,0.17892309,-0.07839006,-0.007887712,-0.021137187,-0.05184812,0.10623369,-0.025220124,-0.091742046,0.0039921487,0.23802581,-0.12660399,0.007469301,0.16259204,-0.07442412,-0.09870186,0.090607695
ASV 205,-0.049292758,-0.16481121,-0.10945785,-0.07019471,0.12196223,0.0006983301,0.11352127,-0.008363991,0.024156576,0.012693668,-0.07394399,-0.02513349,0.16829845,-0.056528877,-0.03934257,-0.001404568,-0.064602755,0.12375331,-0.048658386,-0.11079216,-0.010298282,0.24735096,-0.106577955,-0.018719833,0.17378843,-0.08803479,-0.08977622,0.105597414
ASV 208,-0.03059224,-0.10785382,-0.14491709,-0.04952448,0.0920238,0.020661104,0.12226749,0.0101438165,0.017459514,0.0625032,-0.054878574,-0.0074601187,0.1354832,-0.10233907,0.010222301,0.0008246951,-0.0394213,0.09683548,-0.017013635,-0.064062886,0.03720551,0.18509665,-0.12495059,0.050032385,0.12929045,-0.0888559,-0.10474497,0.07786275
ASV 209,-0.010492838,-0.11080872,-0.17525795,-0.078989975,0.14639759,0.032452997,0.10190056,-0.023852665,0.042823147,0.070755236,-0.10714587,-0.0082290275,0.12881415,-0.1244075,0.0101208,-0.0023422262,-0.08012929,0.11688538,0.009447338,-0.06457357,0.022237765,0.20879492,-0.09892583,0.0572865,0.1384531,-0.077899754,-0.07889021,0.061543956
ASV 210,0.007769953,-0.087746516,0.13411589,0.102014825,0.003965815,0.057100296,-0.02440204,-0.03412138,0.022724751,-0.08625588,-0.06627659,0.025985785,0.10202272,-0.03312162,0.04390017,0.020355739,-0.019111909,0.04130475,0.13858384,-0.0033131968,-0.08915166,0.015643824,0.122784615,0.06485432,-0.026237998,0.016710944,0.02057668,-0.06502227
ASV 211,-0.018405726,-0.06654294,0.1365341,0.11619772,-0.01174236,0.00092676317,0.03667672,-0.031494685,0.015205664,-0.1263033,-0.07039965,0.016336335,0.10569493,-0.03831889,0.07074496,0.10941619,0.036195334,-0.0032845659,0.12461789,-0.037926406,-0.04505926,-0.014695101,0.03119728,0.1136328,-0.047417793,0.022796888,0.074187204,-0.052709594
ASV 212,-0.09591937,0.0020605924,0.061207116,0.16455337,0.07190716,0.06643508,0.06722922,-0.047015768,-0.0032031988,0.022648696,-0.10484381,-0.039478857,0.013225112,0.07157072,0.078236625,-0.018081907,0.013071897,-0.08746778,-0.009290614,-0.022928817,-0.10811739,-0.12472814,0.050573748,0.09951258,0.04449668,-0.06855451,0.062146682,-0.015628258
ASV 217,-0.036571257,-0.14646767,-0.0008644133,0.029077727,-0.077547766,0.08372849,0.10708932,0.12700324,0.053757,0.07648757,-0.08453184,-0.033591732,-0.067249715,-0.03656551,-0.08476809,-0.035237804,-0.11022737,0.06656196,-0.12520218,-0.073548816,-0.12762126,-0.07096615,0.12377463,0.09926104,-0.10280739,0.04744655,0.103045024,0.10202465
ASV 220,-0.098210275,0.023123309,0.04222544,0.017044894,-0.076600045,0.050442524,0.121678926,0.058730524,0.0140741775,0.012833353,0.0042978693,0.008959145,-0.039059583,-0.055318482,0.061569046,-0.066444896,-0.10355434,0.013363768,0.09087565,0.0032523968,-0.08889828,0.07169852,0.07426494,0.077084355,-0.023305299,0.103445895,0.054926734,-0.03139532
ASV 222,0.10070984,-0.011506945,0.004695219,0.10816325,-0.031847928,-0.015399846,-0.0047901166,-0.065531686,0.14461388,-0.02289799,0.0622224,-0.021924157,-0.04633851,-0.044683244,-0.080713294,-0.041032106,0.00056733424,-0.0222594,-0.02519337,0.008001935,-0.16095737,0.024848964,-0.0017495415,0.030274482,-0.12219899,-0.19557054,0.11708179,-0.18747286
ASV 223,-0.033174396,-0.055526916,0.09276393,0.19628488,-0.023585174,0.049625043,0.08025868,-0.047492128,-0.038444128,-0.057532057,-0.09936314,0.076947,-0.009210484,0.12313094,0.18884973,0.074232414,0.028869567,-0.056538265,0.02408978,0.07144827,-0.093420886,0.000114532435,0.028038913,0.012611516,0.03192547,-0.042286687,-0.043637376,-0.020837208
ASV 225,0.11440019,-0.0032813756,0.01269309,0.0013306612,-0.067371756,0.026744481,-0.02516604,-0.0015332793,0.0479216,-0.09125891,0.020243252,-0.040637597,-0.1572233,0.009444334,0.021435976,-0.016633715,0.015993457,-0.07135603,-0.077636614,0.0076144454,-0.050358236,0.03320915,0.004432637,0.099543735,-0.14743803,-0.210308,-0.0590864,-0.19596045
ASV 226,0.05950186,0.06326015,-0.019006087,-0.002746526,-0.051019143,0.011880349,0.04073061,0.031235576,0.09562378,-0.122128636,-0.012508441,-0.011273922,-0.12276267,0.003126822,0.016001623,-0.028980471,-0.0035177658,-0.07731784,-0.026664253,-0.016687056,-0.077229984,0.004349581,-0.0031946532,0.05924983,-0.12433392,-0.16942583,0.018793484,-0.15279886
ASV 229,0.06305851,0.033153526,0.09285748,-0.06125716,-0.065403126,0.007543384,0.0060088835,-0.009616017,0.08132122,-0.11512009,0.04472164,-0.03521698,-0.15022102,-0.017885478,0.026226638,-0.0059362967,-0.045660947,-0.041122492,-0.03577745,-0.044773206,-0.08389156,0.0095532695,-0.028593536,0.036419947,-0.10613992,-0.18331522,0.017780678,-0.20548406
ASV 230,0.017210346,-0.020300448,0.032637376,-0.0021696077,0.030470893,-0.019371094,-0.019390093,-0.023486743,0.03899341,-0.15194024,0.03346246,0.015592224,0.005123115,0.0419784,-0.04970015,-0.0501412,0.028213022,-0.07000146,-0.050919775,0.059263524,-0.07682183,-0.0034172975,-0.042170838,0.14471792,-0.11202667,-0.094235554,0.10524457,-0.17640796
ASV 233,-0.026101457,-0.06653861,-0.025899852,-0.05549801,0.07118773,0.09848946,-0.12299548,0.11830312,0.028155122,-0.109270565,-0.17390689,0.12148761,0.09541577,-0.02952133,0.13332804,-0.069882676,-0.022206202,-0.115330964,0.020782387,-0.12707853,-0.06307271,-0.12763412,-0.006954929,0.083150096,-0.009345107,-0.034295186,0.12870097,-0.05644251
ASV 234,0.113403276,0.067037284,0.06803089,-0.049140904,-0.032634314,-0.07137807,0.032394394,0.062852964,0.1153933,-0.13376132,-0.0356928,-0.013840513,-0.15434928,0.07055215,0.007295992,0.007140337,-0.06093229,-0.047963526,0.003791599,-0.033599027,-0.09712516,0.0091359345,-0.033969563,0.09161328,-0.10864558,-0.2144503,-0.019503621,-0.20342821
ASV 236,-0.058124974,-0.014992631,0.14971644,0.24020194,0.03505936,0.021790594,0.068988696,-0.1425,0.0026500553,0.03848364,-0.14320225,0.055136427,0.032104734,-0.03767835,0.05931112,0.06319728,-0.045083515,0.0087048365,-0.011373508,0.060843423,-0.11623097,-0.1378066,0.036718316,0.053787477,0.030674174,-0.14549613,0.057299603,0.019109111
ASV 237,-0.12409786,-0.033331543,0.16599445,0.21326558,0.06087188,-0.042660218,0.08161065,-0.101505816,0.06484802,0.052285485,-0.11141201,0.040086415,0.0009667331,-0.008603173,0.13081829,-0.010755646,-0.049068075,0.010266175,0.026235368,0.019621875,-0.04546983,-0.12465618,0.096757084,0.06825559,-0.01945662,-0.10105182,-0.06618233,-0.058647998
ASV 238,-0.0158391,-0.11101604,-0.009681156,-0.021352693,0.038714875,0.0722055,-0.010251118,-0.010899778,0.070181705,0.02796767,-0.014704133,-0.093629256,-0.00016310181,0.0053714295,0.090500064,-0.02215438,-0.10208912,-0.0027946157,0.034546856,0.051729526,-0.14200936,-0.110071525,0.053142816,0.084445976,0.0035977317,-0.018863212,0.055033203,-0.0271385
ASV 239,-0.13329163,-0.014959364,0.076230966,0.015038302,0.03580853,0.18209009,-0.008665017,-0.0029287615,-0.049412314,0.030981649,0.090515316,-0.02905038,-0.038144965,-0.0674973,-0.04369223,0.05945257,0.00790908,-0.069402486,0.09307314,-0.09023426,-0.10851886,0.039450955,0.016232612,0.07512719,-0.14040793,-0.057180136,-0.035817903,0.03222042
ASV 243,0.041380595,0.07662608,0.05704805,0.09733636,-0.062046885,0.009638568,-0.044575226,-0.023393208,0.11190031,-0.04351832,0.019724464,0.033584982,-0.073329605,-0.052354243,-0.051822655,-0.015469975,-0.05217273,-0.037882134,-0.10786873,0.011784105,-0.13138928,0.009717418,-0.11412253,0.10717072,-0.12187484,-0.08544742,0.012977128,-0.13394521
ASV 244,0.08432874,0.0055976,0.14976093,0.081949964,-0.070829354,0.063428745,0.070591,0.029273218,0.15585165,-0.15077008,0.069214985,-0.07277662,-0.13230644,-0.0019152006,-0.12755167,-0.04191545,-0.0069635003,-0.07095896,-0.1375255,-0.062916696,-0.15908353,0.059308544,-0.05082329,0.019307023,-0.042472474,-0.097160906,0.089564584,-0.10747417
ASV 246,0.10176176,0.043124713,0.00226247,0.04128426,0.041954495,0.09737173,-0.034245975,0.008488722,0.079424955,-0.14734587,-0.051367145,0.02295272,-0.11882828,-0.05397905,-0.07254006,-0.0038031465,-0.01919999,-0.05668858,-0.017729398,0.028311081,-0.1685284,0.032829348,-0.045688502,0.0629051,-0.1119311,-0.06989865,0.010363663,-0.15317063
ASV 248,-0.02710138,-0.050349247,0.15772331,0.14513665,0.05357671,0.14478907,0.062800415,-0.07398903,-0.10719094,-0.0010429719,-0.003225696,0.0075042145,0.010043672,0.079670094,0.19272806,-0.047634702,-0.019692777,-0.046971384,-0.13603692,-0.0424885,-0.07691283,-0.02600785,0.12599337,0.0534616,-0.09151993,-0.1631032,0.039123747,0.07568118
ASV 249,0.019482374,-0.046728697,0.11529665,0.038440265,-0.069125615,-0.030562988,-0.086232156,0.07752018,0.096119985,-0.050001033,0.049623065,0.02418087,0.04734912,0.114882946,0.078728594,-0.026833586,0.011182237,0.05346838,-0.024213847,-0.09308249,-0.10073616,-0.030142106,-0.0049155457,0.122485995,0.0031437913,-0.067799486,0.06961018,-0.007110008
ASV 250,0.10881454,0.026606044,0.03848311,0.11501489,-0.072943814,0.0554352,-0.02081236,-0.003308457,0.074799515,-0.03531835,0.044016328,-0.039048154,-0.059488714,0.00048648677,-0.09294843,-0.029788846,-0.042816795,-0.067963175,-0.10990748,0.029552668,-0.1680778,-0.020746278,-0.1404895,0.08397869,-0.07206596,-0.113571644,-0.0021494692,-0.15286818
ASV 252,0.08711697,0.07205447,0.11832919,0.029477604,-0.1176171,0.07091955,-0.08926963,-0.052780334,0.1664112,0.0019186656,0.01862239,0.087965064,-0.048857305,-0.018050952,-0.046123866,-0.012351669,-0.080850124,-0.024196109,-0.108444564,-0.036081605,-0.12799706,0.05166743,-0.008248082,0.13623643,-0.053703256,-0.12673172,0.009669981,-0.23327637
ASV 253,0.014255953,0.034429763,0.13556501,0.09530156,-0.040618036,0.0049380125,0.057979535,-0.0327659,0.08877055,-0.12639573,0.041679006,-0.05810773,-0.08795192,-0.08629804,-0.10106517,-0.057960954,-0.027941883,-0.119296946,-0.10134997,0.06842431,-0.08157961,0.05006452,-0.11824965,0.030487409,-0.12460443,-0.118092686,0.02785338,-0.13384171
ASV 254,0.031791523,0.072861046,0.100711316,0.07360114,0.040593676,0.047557637,0.0629651,-0.01956712,0.11909656,-0.10315131,0.055499315,0.010953036,-0.11822965,-0.112361096,-0.08502506,-0.0015495493,0.02282637,-0.07713575,-0.076381445,0.015986618,-0.16595243,0.03201453,-0.107326664,0.058719695,-0.051295366,-0.10108572,0.084371515,-0.1675704
ASV 255,-0.09274458,-0.043494217,0.08448901,-0.02838944,-0.112700984,0.09487729,-0.059284978,0.06240858,0.10705078,-0.110048406,-0.07328645,-0.028981727,0.014061604,0.073346704,-0.08614235,-0.06002356,0.066967,0.040880583,-0.012823444,0.047269754,-0.10930965,-0.080914,0.07469601,0.07867186,0.026441466,-0.14252074,0.06554479,0.023602583
ASV 256,0.115303904,-0.004540659,0.07699592,0.010736265,0.01321948,-0.019728754,0.030788297,-0.016736494,0.060484502,-0.15793666,0.04752377,0.038338218,-0.012954423,0.038427815,-0.0040430906,-0.048903182,-0.020563716,-0.00018746704,-0.09950065,0.02347268,-0.06928069,0.030311577,-0.011583867,0.12243877,-0.08278654,-0.048573967,0.098250434,-0.14619836
ASV 257,0.07571643,0.036809377,0.062348217,0.053809702,-0.04465716,-0.035313834,-0.013603445,-0.029929783,0.05001276,-0.16129512,0.07014997,0.061614085,0.01586917,0.076207004,-0.020709407,-0.10419034,-0.0092898235,0.007950492,-0.044689316,0.052374933,-0.08708891,0.058478255,-0.008255806,0.11686044,-0.08370128,-0.108338915,0.10046858,-0.14737393
ASV 258,0.08423846,-0.014260229,0.07921266,0.039179772,-0.067345016,0.039004035,0.021350432,-0.07510557,0.12520479,-0.14666137,0.06851874,-0.037468623,-0.033691894,0.040919475,-0.041663364,-0.090873696,-0.00043196365,-0.007935351,-0.038721245,0.09291762,-0.07673909,0.05494914,0.0054137064,0.05457531,-0.032011703,-0.08158605,0.11104649,-0.14903513
ASV 259,0.06532381,0.024702024,0.024668634,0.001552154,0.0024050507,0.014917759,-0.015828965,-0.07265971,0.12925969,-0.12982054,0.040924285,-0.015596738,-0.059490934,0.070696786,0.025335388,-0.10824603,-0.02884241,-0.021895694,-0.116148464,0.02788903,-0.06907685,-0.047004994,-0.027019972,0.09674269,-0.0071590776,-0.06460012,0.056631368,-0.17666963
ASV 260,0.11922376,0.0059573455,0.049273603,0.060332935,0.0026832146,-0.019987796,0.033284653,0.02197533,0.06166477,-0.13177639,0.0050229337,0.07304747,-0.028428424,0.035136625,-0.03153493,-0.093752675,0.010004506,0.0029385844,-0.0695204,0.054066196,-0.053223412,0.043578297,0.023392819,0.15090005,-0.065076634,-0.05088937,0.050487548,-0.18152304
ASV 262,0.08364885,0.0028475085,0.059691925,-0.01063831,-0.056234483,0.023421697,-0.025025608,-0.019480474,0.06845542,-0.11910814,0.079304,0.032163695,-0.0421496,0.079844676,-0.010103325,-0.0979668,-0.047474887,0.016799731,-0.095295504,0.06263908,-0.10842699,-0.017614545,0.0020880413,0.12224888,0.019566627,-0.1016073,0.021804668,-0.17100513
ASV 263,0.056525275,0.054303374,0.04140238,0.016987132,-0.012387055,0.031945314,0.03823919,0.031581733,0.050051194,-0.20792228,0.033038855,0.08350945,0.012438921,0.016390523,-0.015912881,-0.082317345,0.049244758,-0.02136481,-0.044094853,0.037641484,-0.07841458,0.0036196704,-0.020666907,0.17026944,-0.05832539,-0.071561046,0.08033355,-0.19999346
ASV 264,0.015211801,0.03209733,0.038078014,-0.007025213,-0.044008587,-0.028387591,0.024865862,-0.062051956,0.10994282,-0.17094976,0.071613945,-0.009386429,-0.08323845,0.0032303801,0.06503937,-0.111128494,-0.03136399,-0.02292849,-0.11995334,0.12053833,-0.07187716,0.005824442,-0.015938772,0.16003352,-0.01345232,-0.055931754,0.063248165,-0.1806207
ASV 265,0.09588327,-0.047569998,-0.0014319766,0.03281609,0.004335541,0.04556059,0.0067888307,-0.06421423,0.124055415,-0.1479037,0.047470022,0.034885783,0.0059934803,0.08491666,-0.025768597,-0.006742822,0.032986093,-0.055773277,-0.08716018,0.08699005,-0.053016495,-0.034811523,-0.058618963,0.076385245,-0.09445862,-0.10745704,-0.011702457,-0.15221298
ASV 266,0.057893846,-0.08542575,0.08857662,-0.027229326,0.0071689244,0.069296606,-0.012055464,-0.08623252,0.15258354,-0.17067517,0.07847601,0.05508373,-0.0049856305,-0.002390308,-0.05107422,0.014381717,0.038309533,0.018003382,-0.15110347,0.08126199,-0.057257123,-0.03859279,-0.014961101,0.122491166,-0.13308088,-0.09493481,-0.01257988,-0.18430744
ASV 269,0.027760899,-0.04446285,-0.0050904546,-0.037645366,-0.09951946,0.074048065,-0.06366844,-0.00447625,0.1302283,-0.1567307,-0.040966637,0.026954433,-0.020774223,0.047224507,-0.05278764,0.056400687,-0.048132747,-0.07934676,-0.02436433,0.036183335,-0.13404152,-0.047770277,-0.039874572,0.018451802,-0.067750074,-0.12136312,0.0035530701,-0.10320173
ASV 270,0.079803206,-0.026411636,-0.025553027,0.054950003,-0.039908506,0.014180871,0.0702162,0.0019509181,0.09906618,-0.15030946,0.039369076,0.07872088,-0.05207307,0.090385556,0.00010181112,-0.031719316,0.049010213,-0.043850765,-0.14918792,0.105959244,-0.08453779,-0.02805203,-0.05962393,0.068454854,-0.030303817,-0.09065001,-0.034613274,-0.16204363
ASV 272,0.032428466,-0.004562774,-0.004300722,-0.0050619235,-0.08839436,0.027481958,0.060350835,-0.054827295,0.15154988,-0.1618025,0.019080203,0.03661161,-0.05483305,0.08242613,-0.009650486,-0.014951385,0.012689652,0.023073217,-0.09122703,0.09736073,-0.094559275,-0.026099779,-0.006282888,0.059967786,-0.039809763,-0.048936065,0.0002026224,-0.18882734
ASV 273,0.028305143,-0.0730951,0.00986736,0.039212923,-0.022989446,-0.03443427,0.066401035,-0.019329984,0.10246937,-0.15600364,0.010096123,0.013457636,-0.022753712,0.047454923,-0.080588184,-0.059830822,0.048955087,-0.026924813,-0.20245965,0.03773385,-0.072296284,-0.058475163,0.0029774318,0.059007302,-0.08404435,-0.070483826,-0.00074491074,-0.19236664
ASV 274,0.035781138,-0.06168944,0.010750181,0.043391287,0.0011336759,0.040480737,0.027604323,-0.05457817,0.11584245,-0.130466,0.05844989,0.06795096,-0.05515926,0.051238447,-0.036891617,0.010067305,0.08530685,-0.03882512,-0.15433852,0.05200309,-0.081399724,-0.007824837,-0.033605203,0.05164771,-0.08072787,-0.06441314,-0.030431982,-0.19118801
ASV 275,0.046657085,0.03648663,0.103899494,0.098812826,-0.040663786,-0.035289645,-0.061901934,0.019348111,0.12261961,-0.08458154,-0.027668545,0.07705787,-0.11502758,-0.037904438,-0.03866974,-0.09730988,-0.060088526,-0.030836504,-0.113737375,0.015287296,-0.11885177,0.046501163,-0.084184624,0.013976101,-0.06475466,-0.054932456,-0.016849468,-0.17214629
ASV 276,-0.014879682,0.0053966856,0.03322921,0.07944242,-0.01442672,-0.0889446,-0.043096937,0.023407998,0.14309385,-0.06485208,0.025499698,0.05859171,-0.05881829,0.0010061025,-0.050270345,-0.031173177,-0.0410965,-0.036547456,-0.08316993,-0.034575336,-0.17040668,-0.024347194,-0.08843265,0.034876294,-0.12543957,-0.0934891,-0.030354904,-0.19226594
ASV 278,0.044521976,-0.029491153,0.07809494,-0.029986512,-0.049547017,0.013099111,-0.01507956,-0.07569073,0.05440873,-0.12991193,0.026882734,0.049429335,-0.044409595,0.07180628,-0.058214597,-0.031208616,-0.06289947,-0.03528675,-0.11589756,0.101493835,-0.13310446,0.025013119,-0.050156422,0.038554832,-0.0057133664,-0.06169269,0.09998359,-0.1849162
ASV 280,0.09970551,0.07860784,0.059463575,-0.017932372,-0.04946986,-0.065972455,0.063776374,0.05772727,0.07206581,-0.10512057,-0.023922816,0.022103067,-0.13523096,0.06796633,-0.009405131,-0.01606475,-0.05877526,-0.058168232,-0.010553844,-0.015414839,-0.10711039,0.036374345,-0.026477804,0.048509583,-0.091294214,-0.20531847,-0.017734403,-0.21237266
ASV 281,0.11147784,0.04191154,0.09376515,-0.037414428,-0.044500623,-0.05838745,0.0705127,0.02230652,0.07759593,-0.13624725,0.0014185681,0.014938608,-0.17239371,0.067814,-0.041960634,0.030540643,-0.033637602,-0.027689952,-0.049544353,-0.048403155,-0.11141769,0.018061707,-0.019730268,0.011503166,-0.078964986,-0.22983432,-0.031128606,-0.21759564
ASV 282,0.038962744,0.09640349,0.09185425,-0.058037,-0.0071367845,-0.04565515,0.029033476,0.007357669,0.10021985,-0.12399403,-0.022211937,0.021103924,-0.18517067,0.05806257,-0.011519042,-0.009202552,-0.047015786,-0.07158421,-0.040232137,-0.0333736,-0.089285605,0.06392903,-0.002096878,0.051200442,-0.12359238,-0.20823103,-0.025617873,-0.20779796
ASV 283,0.06803614,0.07271488,0.08791638,-0.038317513,-0.033841338,-0.06157912,0.062472142,0.058343228,0.086776875,-0.12919192,-0.0139738945,-0.011808203,-0.15065394,0.060571484,-0.021156251,-0.0019894056,-0.047922637,-0.062975325,-0.020770492,-0.046768654,-0.10138535,0.031819236,-0.017821664,0.07199483,-0.090235256,-0.17350335,-0.028479377,-0.20700835
ASV 284,0.053260162,0.06511332,0.09419724,-0.03695979,-0.02342891,-0.065097265,0.04494135,0.049659934,0.07109888,-0.13204944,-0.008964827,0.030563274,-0.15955713,0.028682148,-0.006706346,-0.0131057985,-0.030655004,-0.055532362,-0.023353526,-0.0008879524,-0.07756688,0.052110057,-0.016982807,0.057819515,-0.12965544,-0.2092053,-0.04953,-0.20048133
ASV 286,0.10532617,0.052455023,0.0807035,-0.039723627,-0.059306394,-0.06537477,0.06150288,0.03447921,0.07767869,-0.14644368,-0.048275866,-0.01086032,-0.15755144,0.023357682,-0.024277026,-0.00013341817,-0.025499478,-0.051514722,-0.058445867,-0.020362219,-0.07493906,-0.0009308996,-0.024677044,0.02519672,-0.06848806,-0.22934213,0.000756503,-0.19948536
ASV 287,0.06295936,0.043954026,0.02464438,-0.016566912,-0.09409978,0.017696548,0.009292308,0.001931433,0.04926293,-0.13284604,-0.013234037,-0.0017702387,-0.111514546,-0.0023004436,0.022463946,-0.031309687,-0.0494704,-0.09501075,-0.079934135,-0.015161904,-0.06173931,0.042831104,0.0061145634,0.045197483,-0.12027026,-0.1315059,-0.044586103,-0.19326092
ASV 288,0.008787104,-0.010827849,0.013419376,0.045218147,-0.056423776,-0.01842772,0.06503852,-0.018064504,0.09887883,-0.20274147,0.08252349,0.024025967,-0.0013881386,0.089392744,-0.061954573,0.013400939,-0.0014135928,-0.03981604,-0.13063893,0.062007073,-0.1332246,-0.001752839,-0.033339452,0.13351081,-0.08465999,-0.03992082,-0.039390903,-0.1307417
ASV 289,0.08923523,0.02540526,0.010095513,-0.013375066,-0.05332943,-0.019465532,0.013900521,-0.036111273,0.04377421,-0.112952456,-0.04846505,-0.036388177,-0.12886722,-0.016038753,-0.026837107,-0.05124373,-0.07684476,-0.080430046,-0.10445316,-0.013437463,-0.07140468,0.036904573,0.061923865,0.046824455,-0.12756133,-0.14872183,-0.023587521,-0.21289057
ASV 292,0.007908571,-0.0077431435,-0.023408009,-0.008428673,-0.010302421,0.066307165,-0.029517513,-0.06388392,0.17419253,-0.0813995,0.04216154,0.06916504,-0.06650465,0.08740545,0.010417154,-0.09795232,-0.0034498442,0.008208674,-0.055646982,0.0663086,-0.12351299,0.02127182,0.038098205,0.07074721,-0.09112253,-0.06066668,0.06687732,-0.21775438
ASV 294,0.08233695,-0.012118363,-0.0038344227,0.07027659,0.0017810985,-0.022617504,-0.10050862,-0.04079935,0.14853963,-0.14248767,-0.02807419,-0.07239835,-0.121590935,0.024814658,-0.0878837,0.01471665,-0.06796766,-0.061735634,-0.00775485,0.061706193,-0.2014587,0.024837017,-0.08798845,0.087643825,-0.11458111,-0.095845334,0.048480235,-0.11587198
ASV 297,0.057294037,0.04524271,0.054929607,0.07473015,-0.04728063,0.04291394,-0.016483694,0.045498695,0.13000104,-0.010278806,0.03202434,-0.04336359,-0.07404916,-0.01587962,-0.06090204,-0.081313424,-0.04734456,-0.07826461,-0.15018126,0.046123438,-0.15260133,-0.019658087,-0.13373516,0.1142979,-0.1293036,-0.14398219,0.041685205,-0.107927844
ASV 301,0.07622373,-0.03665016,0.03791318,0.06347758,-0.039044887,0.030888122,-0.08251938,0.0077118264,0.121126,-0.12822603,-0.026876748,-0.05818276,-0.09938652,-0.016969027,-0.048353583,-0.08684283,-0.049121052,-0.05531466,-0.04573919,0.05389356,-0.14920007,0.08050437,-0.025241444,0.0094637545,-0.14698572,-0.059427533,0.026529914,-0.1321045
ASV 302,0.08063856,-0.0072597107,0.031723645,0.091768265,0.023499781,0.005508446,-0.07546564,-0.0024457183,0.14527166,-0.15236592,-0.011408985,0.0114863785,-0.13035427,-0.019855047,-0.0665143,-0.052569643,-0.015540095,0.019206164,-0.055362493,0.029871069,-0.18272215,0.06668646,-0.0034253013,0.026382132,-0.12373913,-0.051987726,-0.033983566,-0.12978904
ASV 303,0.06308519,-0.030800164,0.023520853,0.07646455,0.022209225,-0.014487626,-0.043127157,0.022745918,0.088979706,-0.15175934,-0.0056786896,0.010674627,-0.08297875,-0.055905536,-0.07416943,-0.039188888,-0.041937787,-0.024669629,-0.056151688,0.009814047,-0.1869271,0.040279258,-0.02008112,0.031314112,-0.13553813,-0.03147154,-0.025133096,-0.16751821
ASV 304,0.068720825,-0.042730723,0.026567034,0.084540375,0.05475865,-0.026001928,-0.06882419,0.041816313,0.13696028,-0.13107564,-0.00015674725,-0.01721384,-0.093585014,-0.053945813,-0.046503242,-0.06982789,-0.015933735,-0.021051217,-0.008771722,0.05233463,-0.18286444,0.058371488,-0.026224656,0.056854248,-0.16187254,-0.06354011,-0.016890066,-0.16545694
ASV 307,0.08327797,0.010699962,0.01157117,0.093430035,-0.10444832,0.057687268,0.058790423,-0.018024044,0.14211008,-0.10188837,0.052414518,0.06494252,-0.08427093,-0.071409464,-0.07105342,0.058129936,0.0022714199,-0.051414873,-0.08672362,0.0160781,-0.122582905,0.08921011,0.0074063553,0.10607295,-0.16291492,-0.11706576,0.07663637,-0.10949966
ASV 308,0.05892018,-0.028197957,0.07396828,-0.018689178,-0.04578263,-0.0015097919,-0.005697681,-0.021113014,0.117878914,-0.15701628,-0.023962427,0.044103827,0.019341502,0.039667424,-0.03469745,-0.02427549,-0.012352399,-0.05295351,-0.03037013,0.10822341,-0.11719081,0.017946258,-0.07414568,0.05773671,-0.012366911,-0.04761743,0.12155054,-0.2257195
ASV 309,0.0674789,-0.013427782,0.0049110996,0.027615504,-0.00038138605,0.06113177,0.047419995,0.00301119,0.11772761,-0.08156859,0.003546599,0.066012,-0.05254215,0.07667837,-0.042979646,-0.04525058,0.021838177,-0.048505273,-0.09802786,0.090471566,-0.07162496,0.0004060174,-0.017973429,0.054106362,-0.06973181,-0.08247482,-0.003855856,-0.14263602
ASV 311,0.006545549,-0.030110551,0.007024374,0.022994483,-0.011845655,-0.018984353,0.02402009,-0.013595292,0.11833394,-0.13012527,0.035189226,0.021054463,-0.029207349,0.0618339,0.002817816,-0.058910362,0.0028700596,-0.068458274,-0.12333656,0.078126796,-0.06588795,-0.0018248601,-0.03233386,0.03806469,-0.118168324,-0.08253397,-0.009384053,-0.11500817
ASV 312,-0.15214425,0.0095260395,0.17580554,0.23029073,0.043819606,0.008247682,0.07735623,-0.10245064,0.061666198,-0.08949797,-0.11786057,0.008133931,0.0022132066,-0.012531118,0.17138669,-0.047970045,0.022029608,0.03816396,-0.0397344,-0.0063547394,-0.108117774,-0.058339138,0.09939402,-0.008847464,-0.00780042,-0.027402498,0.020373883,0.01940405
ASV 313,-0.14695852,0.016576413,0.12097349,0.20246027,0.027436137,0.041282058,0.16151714,-0.05035131,0.087864794,-0.03463622,-0.13885503,0.01274266,-0.054279104,0.07352323,0.09280966,0.044939328,-0.032796286,0.04402523,0.04179948,0.008928652,-0.16005395,-0.13366689,0.08035133,0.03954241,0.028244374,-0.03394706,-0.0440983,0.0109410435
ASV 317,-0.08882029,-0.15434332,0.039118,0.017865896,-0.1839344,0.007452118,-0.05302891,0.08371788,-0.07016673,0.024159081,0.011274945,0.05425303,0.07086273,-0.002856943,0.034676183,-0.08603318,-0.1435351,-0.06302965,-0.08014348,-0.055264346,-0.05552038,-0.026370643,0.067022026,0.049410142,-0.014989479,0.007135629,-0.09805026,-0.04925906
ASV 320,-0.092982665,-0.09630945,-0.07236955,0.047919136,-0.14079382,-0.059280466,0.0073402533,0.12578474,-0.14156558,-0.05097076,-0.018695327,0.02777432,0.004306721,-0.10825413,0.14361398,-0.013075306,-0.13407412,-0.1278302,0.040423885,-0.08041924,-0.17933176,-0.022255134,-0.07835612,-0.045699596,-0.049397945,-0.017101716,0.030799145,-0.053552758
ASV 322,-0.09093876,-0.011363592,0.065641016,0.16378477,0.046265204,0.090035774,0.049425106,-0.053479396,-0.033937417,0.051105473,-0.12365011,0.00890761,-0.026919859,0.06423282,0.06377114,0.051876627,0.022988671,-0.08273964,-0.021686455,-0.03390145,-0.09798289,-0.1329068,0.035033762,0.122422986,0.03627826,-0.075811565,0.037939288,-0.031713445
ASV 324,0.028758574,-0.058721267,0.15493606,0.16712831,0.08628732,0.0647318,0.077028856,-0.07326961,-0.089708425,-0.05766296,-0.038896997,-0.03216526,0.012570687,0.08760694,0.13466822,0.015732694,-0.06483721,-0.053286646,0.015729975,-0.035178658,-0.080331124,0.002665183,0.074252084,0.059393585,-0.06060233,-0.038642097,0.050046563,0.031489797
ASV 325,0.02354135,-0.071474575,0.121599,0.109144434,0.0085532805,0.06795713,0.06117921,-0.010998446,-0.05174096,-0.003928714,-0.14489141,0.08453764,-0.05032743,-0.025307119,0.21584557,0.09267919,-0.058440197,-0.007176866,-0.04961394,0.04399466,-0.10028919,-0.050537087,0.08690228,0.08423943,0.012839629,-0.06928691,0.0126853315,0.004376563
ASV 327,-0.09637904,-0.15978143,0.20724407,0.17861651,-0.04126594,0.100894235,-0.06514546,-0.049914144,-0.12242409,0.021655748,-0.06512914,-0.035751056,0.010044562,0.090431646,0.18496719,-0.043836787,-0.01043918,-0.057610556,0.052500006,0.10604388,-0.12226632,-0.061536167,0.010031169,0.01824847,0.018080348,-0.14454839,-0.028764335,-0.064974815
ASV 328,-0.07126187,-0.106703125,0.099002786,0.24017784,0.04894533,-0.011499813,0.1260282,-0.07961541,0.044288617,0.032960597,-0.13507241,-0.0080720205,0.04410073,0.024864143,0.07199222,0.03966604,-0.016814692,-0.042343087,-0.037295822,0.051888347,-0.0411135,-0.14888808,0.075931214,0.081076525,-0.070851415,-0.10708858,-0.030575499,0.016518723
ASV 331,-0.0023846088,-0.15567942,0.20345616,0.1608985,0.0098353345,0.18192278,-0.04633822,-0.07607078,-0.14157322,-0.015684536,-0.090160415,0.021933373,-0.04433491,0.024687262,0.2194421,-0.010285906,0.012664584,-0.0757943,-0.01777483,0.10093171,-0.068657726,-0.038376216,0.05049857,0.07232067,0.07180058,-0.11979391,0.017109161,-0.045770027
ASV 334,0.047417387,-0.085251935,0.08002485,0.16340148,-0.06077735,0.051196728,0.07617119,-0.03938759,-0.062086806,-0.0262636,-0.11395803,0.00076406804,-0.045737784,0.010960147,0.21038248,0.10136633,-0.09462965,0.020301726,0.019334964,0.054623026,-0.14551787,-0.038118236,0.08534173,0.05780344,-0.035315346,-0.08668228,0.050400883,0.052020136
ASV 337,0.0074729477,-0.0832057,0.16029117,0.17814185,0.11339424,0.11810101,0.0936572,-0.11206621,-0.122271664,0.016829982,-0.020358995,0.06552971,-0.017799571,0.10247937,0.09574548,0.027965233,-0.052943718,0.0048702913,4.01904e-05,-0.0026355067,-0.1564707,0.00941433,0.10747603,-0.021264618,-0.037572034,-0.061785962,-0.014240538,-0.04568482
ASV 338,-0.0012159699,-0.057241626,0.07062308,0.13974188,0.04655398,0.057983775,0.011552901,-0.017727632,-0.06552518,-0.077093914,-0.15610574,-0.0007742641,-0.05915231,-0.010906019,0.22046329,0.043205813,-0.0069604334,-0.016687198,-0.012818658,-0.019080909,-0.09155347,-0.054096047,0.111879006,0.079680204,-0.042548034,-0.048702702,-0.02714962,0.0027548077
ASV 339,-0.15382259,-0.07821045,0.20266484,0.09097649,0.03290557,0.09344205,0.106891625,-0.044033308,-0.14899987,-0.08207987,-0.16759336,0.03449622,-0.021702426,0.058957733,0.07580463,-0.012797778,-0.011248325,-0.103551,0.01977849,0.032806672,-0.13446184,-0.0019788968,0.13171692,-0.058551647,0.02289753,-0.11424773,0.098801725,-0.060419045
ASV 340,-0.07995962,-0.07417795,0.18355145,0.19874829,0.05040475,-0.020999689,0.08183152,-0.051273983,0.035686094,0.023834284,-0.10980688,0.028576959,-0.00456166,0.0029184686,0.06571741,0.052201305,0.034555368,0.05291205,0.040597044,0.024324259,-0.055309296,-0.15229501,0.06843296,0.06805266,-0.0142376395,-0.16445436,-0.031572588,-0.004998422
ASV 342,-0.05407823,-0.08991318,0.24588707,0.086674124,0.046479065,0.1365421,0.08425981,-0.077733494,-0.115849115,-0.1131436,-0.17285682,-0.11973707,-0.09690295,0.039229054,0.13719422,-0.0088503985,-0.12664612,-0.06378379,0.030313944,0.10298613,-0.049945716,-0.06670759,0.07317332,0.057387702,-0.02245822,-0.05511667,-0.05146524,0.004616488
ASV 343,-0.0824647,-0.09125868,0.14872159,0.11769894,0.06283965,-0.004522553,0.064336605,-0.073159024,-0.059373066,-0.06940136,-0.09936166,-0.037734095,0.021361902,0.11206112,0.11386106,0.050699957,-0.12376375,-0.08736743,-0.0740732,-0.054393377,-0.13494895,-0.08637906,0.030181259,-0.023443768,-0.052209627,-0.029466543,-0.013494797,0.017361904
ASV 345,0.070029125,-0.019482074,0.028699912,0.069297045,-0.03241891,0.015164696,0.02838452,-0.029570231,0.1177847,-0.16924949,-0.005131454,0.05162269,-0.0043815547,0.09593321,-0.04393488,-0.029359175,0.083542034,-0.077571906,-0.14835547,0.041354008,-0.006425695,0.018583197,-0.04039185,0.1039689,-0.11744837,-0.0693275,0.018242156,-0.15009141
ASV 349,-0.1143804,-0.09728374,0.15236302,0.12837642,0.02638485,0.048645906,-0.024469966,-0.00052225444,-0.109074235,-0.059161365,-0.105724946,0.0225361,0.0058226334,0.07070579,0.15569772,-0.03150496,-0.06003091,-0.08649136,0.03835557,0.08857502,-0.12115794,-0.03781718,0.02578514,0.027865568,-0.017093847,-0.06776543,-0.03032,-0.01063121
ASV 350,-0.18597354,-0.083038874,-0.09518457,-0.06657355,-0.019369394,0.085254245,-0.051143907,-0.084265515,-0.24865223,-0.0031779192,-0.027847677,-0.032269258,0.00832896,0.07087118,-0.09006658,-0.015427275,0.08033809,0.26315716,0.047777917,-0.14167246,-0.050155308,0.06352297,-0.09120252,0.11687612,0.0052643255,0.052526988,-0.0013292222,-0.036958724
ASV 351,-0.07484302,-0.02052855,-0.16141783,-0.009202868,0.024369469,-0.009230482,0.02978652,-0.03925254,-0.2014638,0.074991874,-0.07060025,-0.038438633,-0.03339054,0.106251344,0.012369431,-0.03568182,0.02066674,0.22469479,0.052775215,-0.07394045,-0.019440327,0.05411452,-0.19477388,0.09200754,-0.053908892,0.033629194,0.051979817,0.015693907
ASV 353,-0.086880855,-0.010982167,-0.13897997,-0.013273737,0.012386026,-0.00963069,0.011875997,-0.07081222,-0.20197648,0.084963515,-0.061325397,-0.025242949,-0.074577905,0.13783094,0.00021202539,-0.052210175,-0.036542606,0.26167107,0.00299469,-0.07204023,-0.044534035,0.10463355,-0.18911798,0.07659732,-0.057073087,0.062352743,0.043274555,0.052715227
ASV 354,-0.0468048,-0.09156481,-0.10317382,-0.102093615,-0.016641159,0.026433175,-0.069078825,-0.10378958,-0.22486714,-0.000897979,-0.13991989,-0.048842385,-0.009274931,0.07843959,0.000975734,0.013512265,-0.023913722,0.20037003,0.0492344,-0.086173415,0.06732739,0.08610362,-0.09473838,0.09869526,-0.07647224,0.04956758,-0.028103149,-0.024814166
ASV 355,-0.15747647,-0.09394146,-0.05010528,-0.055066556,-0.06992005,0.01988083,-0.019983761,0.007937804,-0.255867,-0.06965442,-0.118449986,-0.017697705,-0.08017538,-0.0080237985,-0.036636736,-0.019963449,0.12693347,0.29519007,-0.013109763,-0.08091927,0.055206772,0.07354517,-0.116053246,0.1508429,0.002792293,0.047908127,-0.050641403,0.022469273
ASV 356,-0.10526571,-0.04524566,-0.11223204,0.019732524,-0.06026637,-0.033321716,-0.015627325,-0.08414037,-0.24511933,0.0054699075,-0.0962557,-0.083256215,-0.07942214,0.06022523,-0.047801763,0.004729902,0.0036637892,0.22094469,-0.015573282,-0.08005623,-0.0385065,0.10923089,-0.24757984,-0.0008729382,-0.069487594,0.004965106,0.060852956,0.1163204
ASV 357,-0.08132038,-0.069157355,-0.13079056,0.003869688,0.0061124153,-0.029373761,-0.002171685,-0.018373983,-0.18067364,0.031144254,-0.16464876,-0.09972417,-0.09034145,0.11304382,-0.0714178,-0.08236173,0.0036173738,0.23887576,0.045025982,-0.02624956,-0.010048998,0.068888046,-0.17251109,0.009687304,-0.055190098,0.033674013,-0.017973593,0.058989566
ASV 361,-0.2135183,-0.07867611,-0.20038863,-0.1442269,-0.108605534,0.12354008,0.0011194305,-0.082098216,-0.23830618,0.0016123923,-0.16245061,0.040904593,-0.06046534,0.10092249,-0.051840555,0.04170062,0.07695465,0.26039368,0.09010486,-0.06294767,0.008152666,0.08350715,-0.029907323,0.104844,-0.02808595,-0.0036891217,-0.08501032,-0.07151792
ASV 362,-0.12587899,-0.05509331,-0.09380866,-0.10295168,-0.0822809,0.04443315,0.038048375,-0.04862684,-0.17848945,0.0055912402,-0.031970862,-0.05221904,-0.05831267,0.09318644,-0.009167521,0.0065702596,0.07327611,0.25749284,0.012375677,-0.041321643,0.03442775,0.08334335,-0.056910496,0.110260904,-0.038499348,-0.031747513,0.021256916,0.08230861
ASV 363,-0.082854226,-0.022697618,-0.13056953,-0.017835801,0.02352888,-0.023321252,0.0131683275,0.00039092198,-0.20272101,0.0018012649,-0.11346742,-0.025073426,-0.042277433,0.13067542,-0.017858885,-0.03828271,0.03181682,0.21712132,0.056943186,-0.04690511,-0.011046697,0.06561092,-0.20192869,0.04379677,-0.062022507,0.01273885,0.002924331,0.06739764
ASV 365,-0.0712469,-0.05940955,-0.031867266,-0.11183166,0.007939688,0.04633067,-0.032829117,-0.07223509,-0.070271604,0.06416917,-0.0116753755,-0.0442599,-0.02581649,0.008234277,0.0063954466,0.022086093,-0.019695958,0.112842076,-0.013930674,-0.082846604,0.055993494,0.018573493,-0.07774681,-0.001004547,-0.04123106,-0.041315783,-0.042046096,0.06180787
ASV 366,-0.050359894,-0.09929773,0.057738584,0.2844741,-0.021049649,-0.03619399,0.05489524,-0.121057265,0.024202589,-0.040348623,-0.08873488,-0.08336226,-0.008129703,-0.016894434,0.20461343,-0.06119206,-0.005490882,0.025373122,0.03054376,-0.03637189,-0.07762224,-0.1668649,0.14072017,-0.00016267825,-0.013828223,-0.16619805,-0.020301702,-0.031836588
ASV 367,-0.073767625,-0.060563937,0.061454557,0.06911572,-0.0017017915,0.08139252,-0.13085358,-0.004658898,0.14024724,-0.11250666,-0.06432199,0.037398323,-0.018841812,-0.014797736,0.04644454,-0.026577821,0.097504616,0.07758574,0.038413607,-0.13625868,-0.05159333,-0.09169551,-0.008121409,-0.06721137,-0.040345035,-0.016643215,-0.005235349,0.007533539
ASV 370,0.053418305,0.06606794,0.0147976335,0.0048014387,0.0074458583,-0.0011414593,0.011202207,-0.00024384873,0.0713189,-0.18729065,0.005934915,0.10120656,-0.026398383,0.027293919,-0.008723993,-0.114707574,0.024613058,0.004517092,-0.09806388,0.06236503,-0.10605803,0.03065271,0.024695024,0.1442399,-0.0655503,-0.1120253,0.15873241,-0.14693463
ASV 371,0.06456156,-0.057717804,0.09195157,-0.018745637,0.006787639,-0.019215854,0.013128908,-0.004779807,0.09057292,-0.16218747,-0.024734804,0.0037845853,-0.0008152289,0.087028064,-0.095667616,-0.06257842,-0.053725436,-0.06509266,-0.055565435,0.09561885,-0.10422715,0.00075669837,-0.038734607,0.08808233,-0.011102058,-0.024246328,0.056204606,-0.22352538
ASV 372,-0.17662157,-0.0059433696,0.11974209,0.16020761,0.03297971,0.06697967,0.16029763,-0.06745191,0.11102726,-0.0147409765,-0.071866065,0.036040433,-0.05758034,0.076379344,0.16254468,0.08061698,0.010362407,0.031074224,0.051408257,0.037241213,-0.133147,-0.11273039,0.084427655,0.04937284,-0.022100568,-0.09134253,-0.040414426,0.025470683
ASV 373,0.0029362196,-0.047546044,0.17599593,0.11751321,0.019094834,0.12143079,0.014551994,-0.07278968,-0.010995606,-0.08358637,-0.15497951,0.011502352,0.029644834,0.14758353,0.10385228,0.021271136,-0.07931994,-0.07227477,-0.014185233,-0.087168306,-0.06349226,-0.057208616,0.096347265,-0.000762728,-0.0069825766,-0.086601235,0.06728579,0.05592601
ASV 375,-0.064322524,-0.13465725,0.10016022,-0.034061655,-0.1278208,0.014906519,0.06463516,0.1113088,0.09366369,-0.029446991,0.024892835,0.027430102,-0.031293143,0.014453003,0.08692977,0.090875186,0.018026678,-0.0053517316,0.036083892,-0.16224255,0.025793606,0.034874316,-0.09305391,-0.07862144,-0.01018569,0.1303302,-0.026195588,0.046316423
ASV 376,-0.06267251,-0.06830732,0.09612565,-0.039557938,-0.11182035,0.0016335311,0.02169902,-0.019859128,0.011078788,0.051539894,-0.009597146,0.05486713,-0.017886266,-0.041755464,0.006051184,0.02899101,-0.02126618,0.056590833,-0.030317266,-0.060571045,0.032143675,0.013699627,-0.02905417,-0.055593286,0.05126773,0.10379699,0.030502163,-0.0088658575
ASV 384,-0.055973932,-0.10503132,-0.032497875,-0.047584653,-0.01489969,0.0030714525,0.011264514,-0.035820466,0.0740329,0.026573252,-0.035737768,-0.03845574,-0.087170325,0.031253286,0.18771437,0.031829704,0.029083455,-0.043997183,0.04319916,-0.022135986,0.017157463,-0.05136968,-0.20836282,-0.06631557,0.10442606,0.15476061,0.07654265,-0.064692184
ASV 392,-0.0131972255,-0.13681005,0.049119294,-0.02457853,-0.030294511,-0.043506753,0.026130239,0.03982192,0.041304436,0.15122415,-0.08162722,0.06448925,-0.0643754,0.033269096,0.072040625,0.00837041,0.037039317,0.010804757,0.00050376094,-0.04108199,0.072575845,0.05851259,-0.056874342,-0.075215876,-0.02564199,0.06966016,0.09502114,-0.03237878
ASV 393,0.009514825,-0.13640937,0.08111067,-0.057937484,-0.031094614,-0.03598588,-0.009785548,0.053530432,0.06318392,0.17447074,-0.0943424,0.08255436,-0.099094346,0.053579837,0.12729093,0.009685356,0.006529047,0.030484218,0.037290663,-0.003702048,0.058143128,0.07028786,-0.11243092,-0.07427398,0.0064526577,0.053079832,0.13446134,-0.013277589
ASV 394,0.00031097015,-0.16324772,0.053287253,-0.030668052,-0.04823799,-0.015964758,0.041625388,0.038908064,0.037786316,0.15380065,-0.08569549,0.045796525,-0.07648084,0.056672692,0.096909136,-0.0020870925,0.04165449,-0.014876138,-0.016694512,-0.019007944,0.08859232,0.083592445,-0.07554406,-0.07475635,-0.017396994,0.088508844,0.140296,-0.022893436
ASV 395,-0.007277475,-0.16280384,0.06540824,-0.034227546,-0.041521087,-0.04514688,0.033916924,0.06802797,0.040250484,0.17644987,-0.072088905,0.042006485,-0.07756681,0.047268935,0.102074474,-0.015317486,0.03846577,0.010954992,-0.001859519,-0.0140443975,0.06807891,0.048603967,-0.102930255,-0.07514242,-0.0033736704,0.056555428,0.13987452,-0.023925383
ASV 399,-7.0954105e-05,-0.16041446,0.06362018,-0.030330515,-0.031783782,-0.047372058,0.0032754277,0.059119206,0.073569365,0.17209756,-0.11365437,0.07522812,-0.07449859,0.052099243,0.10492125,-0.015408672,0.03638187,0.021479536,0.010879153,-0.050285105,0.086742796,0.07804838,-0.056548208,-0.05646197,-0.019175915,0.09388906,0.13337168,-0.043249045
ASV 401,-0.10925529,-0.031590458,0.07233987,0.14291975,-0.13216361,0.17011961,0.06397536,0.1305122,0.06617954,0.10252936,-0.06118135,-0.010341466,0.08217277,0.058639105,-0.035810046,0.000903845,0.0011562622,-0.19354987,0.009324085,-0.15353057,-0.044683725,0.016572326,-0.07270087,0.1885723,-0.0319294,0.13590534,-0.0069037112,-0.059765983
ASV 403,0.10891513,-0.10098204,-0.01208353,0.0663637,-0.16579227,0.20491959,0.11697437,0.041692235,-0.027228186,0.036486372,-0.18075866,-0.08265455,0.022505485,-0.102108516,-0.09158922,0.10044688,-0.095504805,-0.044979203,0.049577262,-0.20119193,-0.07503477,-0.12721698,0.05241191,0.116168864,0.03197241,0.08677602,-0.013342771,-0.16871972
ASV 416,0.060328137,0.02967768,-0.03456405,0.03872202,0.008421233,-0.005084352,0.0144374,0.044307765,-0.04023739,-0.025218278,0.15912886,0.12403685,-0.022256508,-0.02189326,0.03135232,-0.14543071,-0.11961089,0.08851668,0.12197697,-0.110171884,0.08446647,-0.21283123,-0.1175705,-0.015730983,0.048046425,0.016597861,-0.028450387,0.16668536
ASV 417,0.100108206,-0.040129434,-0.008529576,-0.01611109,-0.043392766,0.07101059,0.031404223,0.025758317,-0.021653345,-0.106151864,0.06790699,0.071897775,-0.07654864,-0.10044733,0.032435562,-0.06032549,-0.07328687,0.061529398,0.08753632,-0.0043206806,0.15393935,-0.18972449,-0.13455176,-0.09377617,0.017765947,0.006212979,-0.040307757,0.21900077
ASV 418,0.09762092,0.023291595,-0.025006378,0.09100658,0.037447914,0.06695562,-0.020308591,0.0514048,-0.09875463,-0.077827066,0.14538763,0.17391866,0.03213988,-0.057974182,-0.00703674,-0.19633639,-0.081988774,0.053544443,0.12813611,-0.13995492,0.09720069,-0.13346025,-0.07213895,-0.041417897,0.01467585,0.05232137,-0.04845799,0.1511609
ASV 422,-0.038529,0.077817544,-0.05656603,-0.052590434,0.065095894,0.066759974,0.088052005,-0.109781414,0.014929082,-0.10222981,-0.0035441238,0.1891274,-0.009671985,0.1052845,-0.08076742,-0.12471462,-0.11953394,0.010855328,0.0057399594,0.00024854718,-0.06575102,-0.07220216,0.038940065,-0.315196,0.20798047,0.0385073,-0.035596866,0.12590092
ASV 436,-0.07181828,-0.11440121,-0.092486575,-0.059154656,-0.08791797,0.03566468,0.11917639,-0.04653536,-0.06577546,0.055422775,0.06001035,0.25275573,0.020041354,-0.10147736,-0.14315069,-0.20253967,-0.19120817,-0.018528758,0.23616153,-0.0147142885,0.21431406,-0.20999885,-0.03554555,-0.11785071,-0.07736789,-0.013670547,0.16325757,0.028801594
ASV 440,-0.016486412,-0.16746476,0.004214738,-0.059353035,-0.050311215,0.121716745,0.19261816,-0.10099942,-0.064158365,0.00035226502,0.1553654,0.21362494,0.017966624,-0.009427795,-0.14407884,-0.09645816,-0.112606056,-0.036921617,0.17689578,-0.026626384,0.3272483,-0.22315712,-0.101373166,-0.045060605,-0.070113435,0.064499766,0.045381952,0.03222592
ASV 441,-0.024275457,-0.107664086,0.016137201,-0.047609255,0.0211187,-0.00802653,0.21277884,-0.19984576,0.0050463416,0.009875306,0.1712618,0.15801087,-0.027400937,0.0049373405,-0.1207656,-0.09648814,-0.17317426,0.054417208,0.27637783,-0.1829585,0.3122377,-0.23422226,-0.060140368,-0.03820357,-0.09532291,0.11421455,0.14790227,-0.013624883
ASV 442,-0.078088626,-0.1223934,-0.041146602,-0.08222021,0.0246193,0.11128142,0.18076116,-0.08884054,-0.015524186,0.011421407,0.15779887,0.23031333,-0.0143358195,-0.03581929,-0.090442725,-0.11538859,-0.1520306,-0.04117534,0.20855384,-0.017552625,0.2761852,-0.20777087,-0.0966937,-0.062096246,-0.14102343,0.05893207,0.049694397,0.064269416
ASV 449,-0.064726666,-0.088205926,-0.07321425,0.04000156,0.026261628,0.04524579,0.120130956,-0.116821125,-0.047437496,0.0010406158,-0.023105403,0.23497017,-0.063522935,-0.13348864,-0.16562203,-0.17042856,-0.11787952,-0.018580686,0.17648058,-0.037399523,0.27784842,-0.16382733,-0.06931966,-0.16359104,-0.17084122,0.0918299,0.06499407,0.039025687
ASV 451,0.018869372,-0.107487984,-0.11448317,-0.010379053,0.017990274,0.09640176,0.15853171,-0.09573779,-0.050982654,-0.0060354467,0.011020922,0.25869626,-0.10890193,-0.15010633,-0.079446755,-0.10655047,-0.10569764,0.04866875,0.15361331,0.015937727,0.2609104,-0.219164,-0.10232638,-0.087023936,-0.11347137,0.102806985,0.12986217,0.068072155
ASV 454,0.041703723,0.030910743,-0.06335389,0.02797377,-0.052556973,0.03985932,-0.005386158,0.036677163,-0.059878673,-0.086732045,0.1378354,0.11738528,1.6354612e-05,-0.084897876,0.020123376,-0.17248689,-0.11260203,0.0862027,0.082296714,-0.11720336,0.0786924,-0.20457768,-0.056758508,-0.02844061,0.04756667,0.018925415,0.006352856,0.19425094
ASV 457,0.05335892,-0.035918493,-0.08974675,0.1480604,-0.23020734,0.078976855,-0.08718211,-0.18222976,0.03697058,-0.0592591,-0.08594426,0.09849592,0.037794635,0.029950678,-0.10407614,0.08035845,-0.061318293,0.035156123,0.030714221,0.09503604,0.036235493,0.009565575,-0.06365019,-0.07808196,0.06971203,0.18592444,-0.16248637,0.14679292
ASV 458,0.12761775,0.016813984,-0.09296868,-0.050014634,0.100677386,-0.013469137,-0.1533039,-0.11991872,-0.053925738,-0.0133087,-0.038162276,0.13459586,-0.1095843,-0.023193996,0.091876976,0.080767855,-0.202197,-0.015283794,-0.11284624,-0.16918315,0.06297583,-0.07603263,-0.020559734,0.0420327,0.034506835,0.1633011,-0.086895235,0.11932107
