ASV 0,0.23759499,-0.010465316,-0.102967836,-0.17194971,0.03280438,0.10440705,-0.21047159,-0.12607218,0.011209618,-0.018872505,-0.19542289,0.0172053,-0.14943494,-0.0056745247,-0.057422,0.30195948,0.20834,0.09128218,-0.088777386,0.15783544,0.056616064,-0.24243987,-0.15717928,-0.038452003,0.014679985,-0.110162,-0.001474751,-0.14588264,-0.19932643,0.19801894
ASV 4,-0.0029320898,0.09762838,-0.014304382,0.00922486,-0.047806468,-0.081926264,-0.020705272,0.03403087,0.12716319,0.097548276,0.058428984,-0.050937172,0.16804622,-0.061496895,-0.11998071,0.09542881,-0.092666544,0.08682131,0.22714378,0.020944787,-0.003439242,-0.2446006,-0.10460897,-0.14619204,-0.096714295,0.17517892,0.0366385,-0.065551326,0.072549224,0.057632532
ASV 8,-0.014657706,0.074730285,-0.03874066,0.0066742096,-0.103023075,-0.05444472,-0.0375144,0.004237728,0.18640356,0.10916794,0.08133235,-0.066825956,0.17252012,-0.07397098,-0.057252124,0.114797294,-0.1034063,0.08522275,0.20240149,0.017592553,-0.03553572,-0.25703678,-0.0611438,-0.12536232,-0.1503518,0.16430125,0.03733989,0.0064299577,0.07888951,0.061385017
ASV 9,-0.04673584,0.085674986,-0.0025166273,-0.012870015,-0.098579474,-0.0016284109,-0.06296933,0.033329856,0.17564057,0.13691504,0.09159281,-0.008803192,0.18425675,-0.115483284,-0.13925225,0.10635638,-0.13402224,0.117489,0.18226087,-0.0025506415,-0.07147246,-0.20791914,-0.121572286,-0.1102463,-0.13803893,0.15244912,0.08602582,-0.05583789,0.086316094,0.07895037
ASV 10,-0.009625131,0.10539245,-0.052335758,-0.0051042787,-0.0874145,-0.034450028,-0.014822408,-0.012567445,0.17891026,0.14527574,0.0942091,-0.06956599,0.16487594,-0.056582686,-0.05757678,0.13021813,-0.11671802,0.068654284,0.18784513,-0.006088991,-0.0207391,-0.24439478,-0.09173869,-0.1532564,-0.12862806,0.1393819,0.04702393,-0.013161022,0.069817394,0.041245673
ASV 11,-0.058974106,0.07736607,0.009919959,-0.014491073,-0.09464628,0.009893703,-0.058696616,0.043018024,0.17709883,0.15193583,0.08739632,-0.0115568675,0.2036557,-0.08953085,-0.1403938,0.10399089,-0.12594429,0.12292905,0.18374851,0.004196392,-0.06826237,-0.19461933,-0.1190263,-0.13179645,-0.13955864,0.16006671,0.08426154,-0.022430623,0.073997974,0.08004237
ASV 12,-0.06368986,0.10326758,-0.00012538642,0.014395898,-0.09596817,-0.018539144,-0.029861258,0.049378235,0.15779589,0.1426374,0.07446255,-0.0225093,0.20557232,-0.11189085,-0.14050598,0.11262357,-0.16126122,0.11441935,0.19819921,-0.03655652,-0.055739686,-0.18329233,-0.1213763,-0.15042944,-0.15856586,0.14265868,0.09013238,-0.06300637,0.069181114,0.06170923
ASV 13,-0.061965402,0.08742295,0.018063841,0.015653122,-0.097029515,0.0074010678,-0.055334233,0.045053422,0.18205361,0.14635764,0.094316095,-0.03875062,0.18345559,-0.11844858,-0.14671898,0.09158266,-0.14005141,0.10864866,0.16981173,-0.0038305307,-0.06629208,-0.1976332,-0.10605471,-0.13249937,-0.1396331,0.16929641,0.05472602,-0.015103659,0.10327856,0.06747154
ASV 14,-0.05128616,0.078031115,0.019282399,0.03800777,-0.09262476,0.0028160447,-0.07698533,0.0009479122,0.17971066,0.15487704,0.06339265,-0.012458624,0.19177258,-0.06439005,-0.15574676,0.109999694,-0.14553452,0.09218621,0.17921713,-0.01974073,-0.011486553,-0.22131251,-0.118908904,-0.15422834,-0.11948557,0.11933394,0.07865299,-0.027444554,0.09000045,0.07675887
ASV 17,-0.054069232,0.11289142,0.007530088,0.0049906694,-0.07549465,-0.017073046,-0.04245685,0.012036172,0.1871875,0.122376606,0.10259011,-0.073094964,0.18703252,-0.09507804,-0.15413597,0.08861003,-0.13875622,0.11770143,0.17352779,0.014977808,-0.01630494,-0.18827458,-0.07309182,-0.1446843,-0.17505574,0.14200458,0.11622803,-0.050172374,0.119193256,0.039572813
ASV 19,-0.066433,0.07402234,-0.026144782,-0.0009981777,-0.074776456,-0.048630875,0.002356984,-0.0053275707,0.14694898,0.13158329,0.04240956,-0.08919643,0.17749943,-0.08240912,-0.0991349,0.12817912,-0.113375895,0.12002392,0.20378216,-0.048979018,-0.006836096,-0.25054505,-0.06430337,-0.15578212,-0.10732373,0.13814981,0.09180283,-0.04279804,-0.0012607658,0.104702555
ASV 23,-0.018001419,0.098353006,-0.037217345,0.031295367,0.07450688,-0.15812875,0.0366458,-0.053010043,0.20939732,0.12291893,0.055414394,0.037935738,0.09740629,-0.16932474,-0.05607886,0.04296525,-0.022569668,0.07069981,0.233216,-0.06880669,0.035075348,-0.18882467,-0.04368497,-0.21353379,-0.058914658,0.112586506,0.11227311,0.032186944,0.045973632,0.04810483
ASV 25,-0.05370469,0.07785733,-0.026483793,-0.032593466,0.10561892,-0.15201642,0.010955403,-0.118883915,0.19898579,0.25061116,0.07748827,0.11125094,0.043472946,-0.17558317,-0.13813245,0.048416343,0.019227834,0.17035037,0.25864425,-0.031856984,-0.0022686867,-0.1983905,-0.071026124,-0.20937046,-0.06482012,0.19253848,0.054585773,0.0785953,0.10292108,0.029979784
ASV 26,0.003154016,0.033606924,-0.0743912,0.0048782835,0.06461967,-0.19289376,-0.0017662557,-0.037957966,0.24017963,0.2738606,-0.013892442,0.13374317,0.0705158,-0.121868074,-0.13934211,0.06222244,-0.020211156,0.11564175,0.210272,-0.03305922,0.0123024415,-0.22505549,-0.025927505,-0.20925744,-0.06613721,0.19706203,0.08732257,0.035708852,0.07719768,-0.007306029
ASV 27,-0.008317935,0.06967438,-0.04938677,0.0016205572,0.074570075,-0.1832771,-0.025488103,-0.05875816,0.23895068,0.24746856,0.056437053,0.10851109,0.09729008,-0.1883523,-0.1278698,0.037475742,0.040041618,0.17866209,0.25538766,-0.026513323,0.014755812,-0.17270151,0.003076657,-0.17284122,-0.0924236,0.17982937,0.038484123,0.0593066,0.0672878,0.00044181253
ASV 28,-0.042840324,0.058672007,-0.01369889,-0.036559917,0.03011081,-0.17691696,-0.017717408,-0.11103762,0.24853742,0.251133,0.06470277,0.12684403,0.04783706,-0.18847582,-0.08658412,0.054851204,0.044252403,0.1705331,0.26369905,-0.03709176,0.018636713,-0.17426415,-0.019439338,-0.2078111,-0.069706425,0.18663813,0.10008462,0.036624826,0.057475086,-0.0023541444
ASV 30,-0.076132216,0.07596981,-0.04182118,0.009656879,0.054819748,-0.19524094,0.014732615,-0.11631525,0.19410942,0.24613287,0.015663063,0.096529126,0.10122279,-0.17028178,-0.10608317,0.042219892,0.03252835,0.19029643,0.25743636,-0.011671799,0.034860227,-0.16545483,-0.024941307,-0.18809153,-0.11291355,0.19500376,0.041654684,0.07683455,0.0730497,0.045114145
ASV 32,-0.06052988,0.0627585,0.0037047635,-0.0037247892,0.08377729,-0.20294066,-0.010536367,-0.11436515,0.22412403,0.24632959,0.027408388,0.10051846,0.07200864,-0.13699259,-0.109915495,0.07499204,0.034020416,0.17562039,0.2579593,-0.028288813,0.043464582,-0.15461217,-0.056366835,-0.18246874,-0.1190317,0.17631495,0.089930974,0.018580612,0.08438034,-0.0030229152
ASV 33,-0.085919105,0.049174394,-0.015718648,-0.020450408,0.10253131,-0.18131655,0.008754813,-0.0699941,0.25172994,0.25563154,0.07100087,0.085610256,0.028770661,-0.16335139,-0.11332957,0.051945403,0.02445101,0.1788222,0.23183782,-0.022701288,0.0056993174,-0.1965313,-0.05864731,-0.21738514,-0.115994796,0.1506922,0.07488576,0.09682151,0.113761514,0.0040514655
ASV 42,0.012392267,0.13474293,0.00021071575,0.010824065,-0.11594558,-0.07052403,0.030238867,-0.031990163,0.20596062,0.09761915,0.06324686,0.010455077,0.037301026,-0.0950206,-0.042420022,0.052514423,0.012560135,0.10088001,0.16448879,-0.015494331,0.03207795,-0.2987964,-0.05108092,-0.12502506,-0.05108594,0.05586664,0.031859957,0.065377735,0.100626096,0.032627404
ASV 43,-0.057320256,0.09618837,0.022657895,0.013871744,0.02803046,-0.10936146,-0.10571631,-0.061844554,0.21694185,0.10058061,0.10216199,0.0076932693,0.105249934,-0.075064845,-0.12102293,0.03874904,-0.06473541,0.044459913,0.18566391,-0.07114923,-0.016939024,-0.12808059,0.061493717,-0.1343339,-0.0808657,0.08410788,0.062910624,-0.013572209,0.13539028,0.14657128
ASV 45,-0.116671264,0.034811556,0.021193828,0.02714692,-0.027797306,0.0453215,-0.13708764,0.07993755,0.1243817,0.22332354,-0.017526932,0.003023173,0.07690759,-0.026664438,0.056223556,0.102239944,-0.08468517,0.111227676,0.13286369,0.0034582708,-0.04762338,-0.25015697,0.06400752,-0.13896596,0.08899237,0.16093543,0.11031507,0.09815449,0.08275824,-0.03548643
ASV 52,0.11419452,0.1644794,0.12629418,-0.076425605,-0.061112076,0.030098606,-0.035488073,0.12992309,0.12255538,-0.047457203,-0.13847305,0.03431687,-0.05184057,-0.07632168,-0.015468186,0.06411549,-0.02905795,0.10465685,0.0088675665,-0.039977375,-0.064223014,0.044977628,0.09686127,-0.11124641,-0.037541077,0.011002996,-0.088598184,-0.06644823,0.058847286,0.029146362
ASV 54,0.06941062,0.16413291,0.15932758,-0.12256549,0.004145236,0.0566411,-0.030781941,0.15551475,0.09564882,-0.085226156,-0.13147908,-0.0030078772,-0.041951966,0.04740836,-0.02276338,0.11134128,0.014113389,0.15697575,0.04442382,0.019821517,-0.037566092,-0.00281178,0.0566723,-0.15472692,-0.013991841,0.007158333,-0.07425067,-0.009125108,-0.009098978,0.06295979
ASV 55,0.1174882,0.17934446,0.10235827,-0.08751436,-0.018709231,5.7717472e-05,-0.05043578,0.10050671,0.12462009,-0.0860394,-0.1569477,-0.0025087055,-0.039553493,0.032331023,-0.001493155,0.098008916,-0.01239115,0.114349395,0.07976329,0.062411934,-0.010803023,0.053411048,0.05764149,-0.08605629,-0.022833154,0.06656467,-0.063862786,-0.06095698,0.021417039,0.0038249593
ASV 56,0.120051175,0.13841978,0.105400965,-0.06957209,-0.038847283,0.04676205,-0.02441794,0.09671956,0.12974793,-0.10118172,-0.17524308,0.030528141,-0.040715694,0.010765928,0.001457302,0.056484275,-0.010854164,0.13499442,0.05923187,0.0718486,-0.058408137,0.014784564,0.06311141,-0.10957904,-0.008106016,0.07187188,-0.07608218,-0.006374511,0.030116117,0.047267806
ASV 57,0.08493566,0.13223119,0.12773755,-0.06912707,-0.019905588,0.05595284,-0.0299638,0.107439026,0.09882291,-0.07344894,-0.13580889,0.051796418,-0.055587064,-0.020797951,-0.012254452,0.07955586,-0.033015497,0.13089816,0.07421714,0.009430753,-0.03327003,0.043788083,0.030259576,-0.13048856,0.0002599386,0.03455953,-0.07170709,-0.048318665,-0.0018447227,0.03133889
ASV 59,0.02265809,0.16421653,0.12532756,-0.06826197,-0.0073143123,-0.03374339,-0.0012237354,0.0022505987,0.1538764,-0.05805397,-0.15747704,0.012844733,-0.05718069,-0.009114202,0.06701881,0.1303706,-0.06898503,0.07362645,-0.012504705,0.0104502905,-0.041760806,0.06113143,-0.024068926,-0.10700066,0.048904683,0.04327882,-0.07396182,-0.05810872,0.0674994,0.1367964
ASV 60,0.03067631,0.17533372,0.13857405,-0.08815591,-0.042312603,-0.054695956,-0.007767451,-0.0058661085,0.14486538,-0.021137144,-0.15420529,0.039433006,-0.073717654,0.009159189,0.0641799,0.124849156,-0.07313122,0.08572971,-0.03049628,-0.0002924907,-0.0402381,0.08057603,0.0015498522,-0.120404966,0.04994579,0.05237256,-0.09751833,-0.05827603,0.08542141,0.12697153
ASV 61,0.0013290603,0.19262293,0.16038312,-0.054401174,0.0077038766,-0.03451828,-0.012684159,-0.0064518917,0.11500403,-0.050180424,-0.16343974,-0.0015888326,-0.100558534,-0.022633713,0.054283928,0.097722046,-0.031069824,0.15547861,0.019035783,-0.029793134,-0.054546326,0.06035354,-0.018397693,-0.059443954,0.058545355,0.037092388,-0.03113153,-0.047763336,0.0667554,0.1129058
ASV 62,0.066067114,0.24404585,0.20062406,-0.07223804,0.034966856,-0.00054955523,-0.014345604,-0.011795217,0.14048779,-0.04937919,-0.16119418,-0.017343283,-0.08331355,-0.021610541,0.0057444735,0.12564565,-0.0006515131,0.10628026,-0.054297674,-0.07326956,-0.034790535,0.012473498,-0.039931044,-0.09737953,0.011258119,-0.03619849,-0.08238151,-0.016354516,0.107234664,0.13329141
ASV 63,0.024630016,0.20961475,0.12632437,-0.09375816,-0.030667594,-0.05459192,-0.021755012,0.009427688,0.14051984,-0.034674037,-0.15336433,0.024898348,-0.06332493,-0.003885588,0.07516338,0.11936439,-0.06682966,0.07815149,-0.029728604,-0.011224558,-0.021914482,0.064190485,0.023668462,-0.092679575,0.036948178,0.0562819,-0.06703492,-0.042193785,0.06678561,0.11615741
ASV 64,0.08644466,0.22947235,0.16541386,-0.08196966,-0.0023639249,0.028208608,-0.057039462,-0.030950593,0.12186419,-0.010114052,-0.17577474,-0.00047793717,-0.11075461,0.020572068,-0.0074310964,0.13232699,-0.03495838,0.10561318,-0.042198464,-0.05182797,-0.04404653,0.07465314,-0.041184153,-0.09579678,-0.008350443,0.052675683,-0.068584345,0.011934854,0.083881296,0.08285533
ASV 66,0.062399562,0.13661112,0.14641197,-0.014124973,-0.038663764,0.04172735,-0.0030317458,0.023906896,0.1498964,-0.0057975436,-0.1489401,0.06697918,-0.03893672,-0.00302485,0.0052738786,0.08574178,-0.03324014,0.14453992,-0.0066649234,0.027939487,-0.0114890495,0.07651829,-0.048362203,-0.08863991,0.047491472,0.02135389,-0.04859525,-0.005971513,0.05906857,0.04814478
ASV 67,0.067593895,-0.10860307,-0.12091056,0.007995253,-0.045605384,0.2808723,0.052457534,0.21404208,-0.0038797967,-0.0067898217,0.06707948,-0.029134415,-0.11913912,0.06136556,0.17691074,-0.0901451,0.08859982,0.008832126,0.03248615,-0.2502767,0.3869534,0.13499378,-0.049735963,0.12767367,0.024652956,0.16476308,0.017508205,-0.037082255,0.2692578,0.17298955
ASV 68,0.07692006,-0.106373355,-0.13768204,-0.025385367,-0.01209353,0.26198283,0.08240375,0.22837517,-0.016274448,-0.033784684,0.06736992,-0.020282194,-0.12530498,0.09806245,0.13498364,-0.08124778,0.07048131,0.037820477,0.062051233,-0.2373329,0.3401623,0.10461081,-0.044543028,0.102662355,0.030256907,0.13875093,0.014634279,-0.037209965,0.23137976,0.1889655
ASV 72,0.0610447,-0.086997814,-0.19051729,-0.0072068106,0.00544599,0.21406758,0.06993374,0.18553041,-0.026303446,-0.045489665,-0.021209555,-0.030342225,-0.09415495,0.049162645,0.1884583,-0.07770937,0.06813874,0.029707808,0.091167614,-0.27421632,0.3982914,0.15121444,-0.0565027,0.12666418,-0.01363851,0.11650039,0.036125246,-0.013094492,0.20037808,0.22417282
ASV 73,0.06203342,-0.11324282,-0.13593678,-0.00240783,-0.015372957,0.25025716,0.043370333,0.21000847,-0.015491114,-0.038833845,0.039650667,-0.012837887,-0.11578249,0.09232821,0.1296368,-0.09619563,0.080169015,0.029838055,0.07016689,-0.22635674,0.34834665,0.099899255,-0.015444869,0.12506506,-0.009661084,0.15025915,-0.0046414034,-0.03517894,0.22819106,0.20609823
ASV 74,0.06381135,-0.08780185,-0.13457441,0.017544158,-0.033062086,0.2514933,0.08211011,0.22278048,-0.01765697,-0.0188503,0.06824893,-0.018592006,-0.12383642,0.073696986,0.16471305,-0.08657576,0.08697538,0.009056495,0.046302572,-0.25183156,0.38918188,0.12556075,-0.05296639,0.12881303,-0.0057054027,0.14604846,-0.012969484,-0.06555529,0.26654723,0.1656356
ASV 76,0.06265509,-0.10327071,-0.13225417,0.0112623265,-0.020253029,0.24977572,0.08291686,0.22746927,-0.0018047221,-0.007505796,0.06409264,0.0024055946,-0.1268176,0.05655135,0.14671418,-0.1051709,0.09522586,0.018376388,0.03918018,-0.2516282,0.377967,0.1274749,-0.043732334,0.12726738,0.019364417,0.13285603,-0.0052501177,-0.059874743,0.26950213,0.18076912
ASV 77,0.07025723,-0.11658117,-0.1191326,-0.00078521034,-0.048024938,0.25244027,0.090744205,0.19801247,-0.0057430346,-0.018667039,0.032660775,-0.022215232,-0.10482824,0.07924448,0.14845042,-0.10026381,0.08982596,0.037573487,0.031500734,-0.25391617,0.35397717,0.12653704,-0.019048024,0.12066785,-0.024821626,0.15606591,-0.011578882,-0.0306594,0.2434796,0.21010873
ASV 78,-0.06260235,-0.0816084,0.01831731,-0.047703635,-0.07807365,-0.05258746,-0.0070056343,-0.07560179,-0.03234603,-0.12784009,-0.014145333,-0.09701047,0.05069729,-0.008112274,-0.05797115,-0.16099742,-0.035671428,0.008178167,-0.043201897,-0.033708524,-0.051954452,0.016341293,-0.019370437,-0.040146492,0.031591073,-0.052800663,-0.09443664,-0.02042072,-0.12510374,-0.14411268
ASV 80,0.080744095,-0.11079383,-0.17184962,-0.034622125,0.005262125,0.22153208,0.106637485,0.21912886,-0.026851246,-0.035987098,0.0031689894,-0.005241193,-0.09164052,0.08864055,0.1829413,-0.075504504,0.056828108,0.041462317,0.061080378,-0.22867873,0.33947286,0.13114546,-0.039988417,0.08924307,-0.023363216,0.15480036,0.040076166,-0.023781195,0.20539089,0.18414852
ASV 82,0.05799061,-0.09799469,-0.14981374,0.018113723,-0.021403415,0.27409106,0.06358357,0.23665713,-0.009333633,-0.009229402,0.06256285,0.0025890523,-0.12674035,0.08248781,0.14958699,-0.09899802,0.09776974,0.0008341057,0.060672373,-0.22767481,0.40120357,0.13251142,-0.061794624,0.110533826,0.017901618,0.13522603,-0.027176965,-0.053152766,0.27574828,0.16931714
ASV 91,0.047804248,-0.10890649,-0.1251311,0.009227594,-0.017536892,0.2473933,0.075616814,0.19388656,-0.022349754,-0.04886186,0.055726975,-0.026913334,-0.12791955,0.069772564,0.13643643,-0.09714098,0.078241184,0.05287358,0.075864606,-0.23826848,0.34971738,0.12183284,-0.029009031,0.1184935,0.0013123674,0.15064639,0.013490554,-0.07073077,0.21191826,0.20373929
ASV 92,0.05789014,-0.10703943,-0.144401,0.011884712,-0.009455493,0.27529162,0.06396923,0.21044306,-0.009603224,-0.02316601,0.07567758,-0.016843086,-0.14848217,0.0697663,0.16566662,-0.09541026,0.08584961,0.011197145,0.05789017,-0.24149412,0.38986665,0.13751736,-0.062740915,0.10220488,-0.012992378,0.13006946,-0.0155996755,-0.032998517,0.2770356,0.16920589
ASV 93,0.04435387,-0.10677711,-0.14614472,-0.025271604,-0.00029986963,0.24821806,0.053038288,0.22501966,0.00053749856,-0.03221809,0.06160796,-0.0010088609,-0.11652203,0.05900418,0.16755578,-0.07595772,0.060488675,0.03478753,0.074298926,-0.23123251,0.32923743,0.12851775,-0.029430479,0.13243152,0.017426051,0.13819161,0.0010449433,-0.06250758,0.21731219,0.19315471
ASV 94,0.06963472,-0.12915309,-0.17567429,-0.02346095,-0.002086706,0.24368812,0.08657485,0.23481469,-0.003974259,-0.032914493,-0.010161644,-0.0013621623,-0.065620266,0.06670318,0.17365693,-0.04609662,0.080314435,0.01607319,0.051139593,-0.24751228,0.35544807,0.1498576,-0.060455382,0.0779208,0.010743317,0.13241301,0.032679006,-0.04143919,0.18136893,0.22530043
ASV 95,0.062064596,-0.1064739,-0.13659759,0.0070014577,-0.0041105943,0.2705416,0.087522194,0.22519892,0.0007082613,-0.010110815,0.05814621,-0.009104461,-0.13744509,0.07592423,0.13921005,-0.10132145,0.088160485,0.019068971,0.039832592,-0.23628826,0.39123303,0.14685912,-0.056442697,0.11274465,0.0061772387,0.14933348,0.006146651,-0.036103986,0.27731162,0.15948582
ASV 96,0.060133103,-0.16784136,-0.12914257,-0.018235398,-0.016366588,0.17949723,0.025331067,0.2507855,0.046657436,0.007809964,0.05956728,-0.0018285263,-0.058774,0.10986642,0.2124926,-0.021777067,0.05297967,0.04130577,0.10274471,-0.23542848,0.34583583,0.13707656,0.042013366,0.097871326,-0.04966013,0.037900846,-0.037665598,-0.06522299,0.22645704,0.13513988
ASV 97,0.095555484,-0.15980405,-0.09429289,-0.0519337,-0.035990007,0.2127097,0.029003704,0.19511396,0.0587445,-0.01223165,0.05755055,-0.037888817,-0.096188694,0.14315201,0.17369269,-0.015550588,0.10836174,0.001013486,0.09676548,-0.25961095,0.34588912,0.13474499,0.04029319,0.058171462,-0.049399223,0.06956507,0.047499157,-0.09542473,0.19252603,0.14831959
ASV 100,0.00040612975,-0.2042151,-0.17155853,-0.007120402,0.059826326,0.20814675,0.091713,0.09996543,0.095221385,0.0010402049,0.084753774,-0.018545648,-0.033805124,0.21369308,0.13759384,-0.003933488,-0.053902023,0.1150422,0.012949158,-0.096030354,0.30418885,0.07830854,0.07958943,0.07462444,0.0049711564,0.09339277,-0.053232152,-0.078064725,0.107994154,0.25538498
ASV 101,0.029084528,-0.20468962,-0.13705158,0.049840633,0.027422795,0.1493544,0.08863229,0.13798113,0.086534955,-0.05659616,0.0593843,0.010654743,-0.024543328,0.19542956,0.13566102,-0.054618757,-0.05028219,0.109225504,0.05607559,-0.07283307,0.31788808,0.04780474,0.08717325,0.0648582,0.020688958,0.07398769,-0.10251363,-0.113122724,0.15858985,0.24615644
ASV 103,0.08051665,-0.18138772,-0.1403169,-0.01840255,0.0669943,0.16930804,0.11808524,0.065004475,0.019254318,0.011211439,0.034576513,0.074313514,-0.035590854,0.21384522,0.11956225,-0.019474477,-0.024676487,0.08188909,0.08508037,-0.14173067,0.29269844,0.064892024,0.07737649,0.060686484,0.022611992,0.1314533,-0.071391754,-0.11451301,0.13322586,0.20490111
ASV 109,0.018880296,-0.16868323,-0.18736133,0.026074508,-0.0010125587,0.21757448,0.1339378,0.24971507,0.001422739,-0.09234271,-0.01456394,-0.0009848777,-0.09918837,0.16068782,0.21444058,-0.10219064,0.16318314,0.017993418,0.14809984,-0.22570065,0.25984934,0.1699238,-0.039675288,0.16418251,-0.09332088,0.15458515,0.07917396,-0.11601442,0.2786901,0.24770613
ASV 111,0.042819332,-0.20597199,-0.11137051,0.0398635,-0.0014878578,0.3067892,0.07431708,0.25833696,-0.002552344,-0.04364747,-0.033806507,-0.04632143,-0.10953468,0.15736467,0.20276138,-0.01687051,0.10852021,0.08978866,0.11509295,-0.24899203,0.30703765,0.1555648,-0.10095798,0.13507427,-0.0904819,0.110597685,0.04561788,-0.10464649,0.19779836,0.16439128
ASV 120,0.09298591,-0.05477027,-0.11858498,-0.03121603,0.047921654,0.23652288,0.12949842,0.028516166,0.18520077,-0.08864611,0.044906773,0.143903,-0.031497367,0.13990726,0.2164907,0.0178447,0.026374038,-0.046853255,0.0022464355,-0.11472982,0.32826784,0.068859376,-0.017883634,0.12591143,-0.013322022,0.14876726,-0.0073867105,-0.035707206,0.106385715,0.20514822
ASV 121,0.09342512,-0.11528998,-0.05148379,0.011103452,0.0923737,0.12966444,0.114129476,0.10043662,0.10643533,-0.025549164,0.024450837,0.025047364,-0.060578924,0.13207465,0.1956684,-0.011502575,-0.0013686534,0.052979056,0.0026049984,-0.16187671,0.26275814,0.012291813,0.01294441,0.13936175,0.038478434,0.16728137,-0.019208599,-0.06698701,0.14237267,0.1506214
ASV 124,0.025626102,-0.11502255,-0.035117134,0.0026379884,0.09846245,0.200697,0.07940233,0.0932599,0.13685985,-0.038404483,0.06224355,0.12986724,-0.03443016,0.12369072,0.17662479,0.02239474,0.050329763,0.06627577,0.007383211,-0.15008996,0.30140802,0.04949075,-0.047891613,0.17400561,0.027538441,0.12003254,-0.04378846,-0.038934708,0.075846836,0.22648664
ASV 125,0.047042638,-0.10931444,-0.020970626,-0.01954655,0.098075375,0.20288165,0.13903092,0.15704733,0.15922624,-0.14394188,0.050949235,0.058504663,0.01953512,0.11131324,0.21789359,-0.019378964,0.038676996,0.07434327,0.06018915,-0.07371202,0.3319018,0.012225795,-0.060198694,0.20449474,0.033645485,0.13526298,0.031131608,-0.0007108056,0.09182457,0.19574684
ASV 127,0.09532277,-0.14286254,-0.13606979,0.0241415,0.061655067,0.2497662,0.10272285,0.20420958,0.08451455,-0.08671563,-0.005913015,-0.006461182,-0.11652108,0.116149954,0.16580397,-0.09426203,0.11792893,0.016975712,0.13803089,-0.23735064,0.26895258,0.055429462,0.020895913,0.06910668,0.01468154,0.03205482,0.05069135,-0.08359452,0.21658854,0.18399961
ASV 131,0.1372192,-0.16630362,-0.1366764,0.028057577,0.044469606,0.2817476,0.05390345,0.12545428,0.02462737,-0.0061332877,0.030486757,-0.040946476,-0.0055920775,0.04592907,0.14434054,-0.06472821,0.12568009,0.028700082,0.11227082,-0.21639942,0.28607842,0.1791775,-0.0038907889,0.06191637,0.020782573,0.07878177,0.017453091,-0.0888015,0.23309347,0.20036379
ASV 135,-0.0021420869,0.074281074,0.032018214,0.046161834,-0.085220136,0.02458296,0.09639557,-0.042602047,-0.03692954,0.16944642,0.011855914,0.044347096,-0.07983175,0.059527382,0.008966105,-0.025420394,-0.106619276,0.007419925,0.008662415,0.046640683,-0.058767565,0.027538246,0.010364172,-0.0121390335,0.11706447,-0.100514926,0.11053884,0.08834001,-0.05745466,0.1396972
ASV 137,0.073312506,0.0460628,0.06876781,0.055614397,-0.0967678,0.032241806,0.09247282,-0.081254534,-0.09710232,0.15932517,-0.043605674,0.06002143,0.016359642,0.06203766,0.049940776,0.00989909,-0.07374869,-0.0713752,0.0754874,0.024261579,-0.04738813,0.052836493,0.0041122762,-0.077644356,0.082582995,-0.063205324,0.102688715,0.03083867,-0.04394611,0.1055059
ASV 145,0.0032334107,0.038007133,0.13537844,-0.004641194,-0.016904032,0.07290333,0.0057271677,-0.010836869,-0.06963725,0.12555896,0.023645245,0.033184256,-0.08684176,-0.05013589,0.0077823247,-0.020331623,-0.019422581,-0.057924155,0.09307292,0.15321364,-0.012467397,0.023821253,-0.00083434593,0.03853224,-0.018152034,-0.07788155,0.05714564,0.025349066,-0.032822326,0.08834037
ASV 146,0.007525741,0.017177852,0.15683141,0.02892567,0.021638274,-0.010037174,0.06055838,0.007700728,-0.046434205,0.14443804,0.024353944,0.014459595,-0.010688962,0.011194392,0.034234103,0.00020911446,-0.03446299,-0.08361769,0.020576268,0.15758054,-0.0043316064,0.022026438,0.033095542,0.046201292,-0.029297426,-0.015548754,0.053362753,-0.0368947,-0.032038767,0.099954024
ASV 154,0.04430044,0.15244392,0.16482404,0.024716483,-0.047607403,0.04986324,-0.019628108,-0.035555396,-0.03249265,0.1759202,-0.014064594,-0.0020808352,-0.06991525,0.065435305,0.04380794,-0.019131074,-0.045241136,-0.16502121,0.09158972,0.21080233,0.04535363,-0.07021449,0.15690805,0.12974703,0.080250524,-0.033299483,0.15085506,-0.0669157,-0.06293754,-0.016489282
ASV 155,-0.037524786,0.20559241,0.2067471,-0.034452267,0.019912396,0.12543634,0.14009412,-0.011636423,-0.1305175,0.30485007,0.09883237,0.004985575,-0.087408155,-0.023919595,0.0018950558,-0.024842322,-0.13457912,-0.1515269,-0.107814685,0.120414905,0.02844875,-0.050937228,0.15683898,0.031247173,-0.025667729,-0.11206901,0.10444044,0.048043903,-0.0025714636,-0.009387076
ASV 165,-0.002417781,0.1297026,0.114515826,-0.026742471,0.076275796,0.08371885,0.023208553,0.043452,-0.11977049,0.1945971,0.038921565,-0.011674437,-0.09896656,0.021188581,0.032206383,-0.027478244,-0.09329897,-0.06894697,0.067659274,0.107177526,-0.048769638,-0.028881082,0.11387076,0.035312843,0.003396313,-0.09979658,0.12627116,-0.028751917,-0.0024234415,-0.008776786
ASV 168,0.055041112,0.032904044,0.17917968,0.032434743,-0.030820603,0.047754515,-0.005028726,-0.0076315994,-0.096487194,0.24066871,0.07176012,-0.055513695,-0.07831304,0.050434828,0.005790802,0.015003235,-0.00943511,-0.07641644,0.07509125,0.19993222,0.037020616,-0.058812387,0.111494154,-0.001999183,0.1144496,-0.12558733,0.011053911,-0.10400052,-0.014934486,0.0066620787
ASV 169,-0.05360828,-0.08958512,0.038064145,-0.031801436,-0.101082996,-0.063415945,-0.006645118,-0.08548573,-0.027655566,-0.13820843,-0.03303189,-0.09415929,0.025657598,-0.024395049,-0.059621155,-0.18300292,-0.031281874,0.0071051875,-0.04275775,-0.039093375,-0.05489976,0.01672248,-0.048168395,-0.038462024,0.03459804,-0.05869929,-0.08894807,0.002911487,-0.10231266,-0.17294286
ASV 174,-0.0019450309,0.098545335,0.11640939,0.04077087,0.038393106,0.039350055,0.00060139544,0.04315687,-0.09788255,0.2144345,-0.043249886,0.020098533,-0.033984497,0.014579973,-0.03637471,-0.047644172,0.0063333195,-0.08193913,0.029909393,0.18486217,-0.018398717,-0.040436987,0.14372128,0.098623306,0.020212675,-0.053621102,0.06750693,-0.078525744,0.011287352,0.058964975
ASV 177,-0.017044859,0.053145878,0.19213508,0.050303746,0.10117859,0.16411093,0.13790797,0.030128794,-0.08931901,0.18834977,-0.042210665,0.05745428,-0.044718873,-0.00462505,-0.060862646,0.008389972,-0.11110703,-0.08854809,0.05090664,0.18280286,-0.059719086,0.060023535,0.04864617,-0.015243588,0.04655678,-0.120219834,0.1635344,-0.15914702,-0.07039566,0.019980805
ASV 183,0.06853674,-0.0022588563,0.187598,0.0020817365,0.047406603,-0.007619882,0.09855948,0.028510572,-0.10316107,0.09702575,0.004539423,-0.0057557332,-0.10300354,-0.045165747,0.031267047,-0.046953242,-0.007560626,-0.11278277,0.08516474,0.1696879,0.026423937,-0.053226985,0.044989202,-0.02952316,-0.059352934,-0.03896767,0.053630844,0.023783531,-0.09235678,0.07332898
ASV 188,0.13897566,-0.035059992,0.19622718,-0.026471945,0.011417179,-0.054690745,0.06864063,0.02910516,-0.11155952,0.15851043,-0.033687487,-0.013864691,-0.07838442,-0.06497711,0.0052009244,-0.06674501,-0.11625626,-0.10565233,-0.00085181004,0.20726177,-0.017840033,0.0033206444,0.03678251,0.036843054,-0.10727311,-0.09216602,0.052629348,0.02946301,-0.04732786,0.15399776
ASV 189,0.12958333,-0.024858654,0.16523863,-0.0077037723,0.0334543,-0.051477578,0.027722288,0.012902578,-0.10034786,0.12768881,-0.02611531,-0.04048569,-0.11129683,-0.06447273,0.04339596,-0.046400163,-0.139353,-0.14910673,0.057798535,0.21053702,-0.0069618984,0.0041303905,0.015878165,0.024436815,-0.09866942,-0.097100236,0.0577524,0.03796103,-0.044504177,0.12157419
ASV 191,0.09865138,-0.030324968,0.18950592,-0.004873112,0.027408423,-0.07129583,0.03168631,0.027179902,-0.08633894,0.13711658,-0.010800938,-0.025788115,-0.1290997,-0.07313924,0.04071459,-0.052585617,-0.14735343,-0.12606056,0.0403094,0.21923646,-0.006246601,-0.008044426,-0.0032996754,0.065385625,-0.06662474,-0.09555002,0.049244408,0.0473247,-0.05089001,0.13971707
ASV 193,0.120005324,-0.029259957,0.16884181,-0.021650882,0.046540428,-0.039632317,0.012297991,0.004519609,-0.11013487,0.15503354,-0.03565659,-0.03623498,-0.09064542,-0.06754642,0.02453978,-0.026265698,-0.1361751,-0.12634079,0.044494823,0.2046806,0.018176805,0.013274292,0.0014381161,0.038147703,-0.07835346,-0.10224838,0.061695896,0.028652467,-0.077903315,0.13773228
ASV 194,0.053808667,-0.0056930147,0.18633744,-0.0058756624,0.0046473215,-0.014563506,0.049800813,0.066894166,-0.0475771,0.15508509,-0.04520826,-0.057157278,-0.12914078,-0.11049597,0.053636022,-0.02896688,-0.09831044,-0.16361949,0.021057896,0.20476949,0.011340596,-0.00483614,0.04720375,0.023347579,-0.08511182,-0.110622175,0.05175008,0.06968111,-0.050526213,0.08628687
ASV 197,0.15498978,-0.069953695,0.20952821,-0.017934157,0.055359196,-0.04844526,-0.0040631867,0.026732855,-0.09967651,0.16317078,-0.034529332,-0.05737587,-0.09870195,-0.115831494,0.049183905,-0.02887439,-0.16859147,-0.1472159,0.05224964,0.20701104,0.019514633,0.03579072,0.060018905,0.008570805,-0.07693941,-0.112268195,0.06089923,0.02224608,-0.1041493,0.10851879
ASV 198,0.07246112,-0.018969702,0.16730554,-0.00086188415,-0.02711684,-0.01021307,0.07595975,0.04891178,-0.07757971,0.13106711,0.0028820073,-0.033007454,-0.078154296,-0.10756825,0.05085143,-0.029975139,-0.08946223,-0.15769151,0.011798248,0.23379077,-0.027948184,-0.001628425,-0.0014273218,0.04892365,-0.09687889,-0.06518983,0.06860121,0.002097982,-0.068727806,0.13185412
ASV 199,0.14881557,-0.06833555,0.18161593,-0.015847268,0.07618614,-0.028331716,0.004136611,0.046481516,-0.11149108,0.15525079,-0.020044578,-0.025752759,-0.12128057,-0.12292698,0.011129781,-0.038039044,-0.15136246,-0.16515364,0.05982322,0.21279797,-0.027486317,0.0107644955,0.026282936,0.030379735,-0.06429862,-0.09163619,0.04894849,-0.010404916,-0.088622764,0.12397926
ASV 200,0.13690464,-0.02777457,0.18864092,-0.016253222,0.046775665,-0.047267724,0.003966753,0.039139196,-0.10170349,0.12587976,-0.042065233,-0.01297282,-0.11481638,-0.07555212,0.04949041,-0.059512757,-0.14781469,-0.13828534,0.05670365,0.21972534,-0.0143846525,-0.025227651,0.034756266,0.06394247,-0.100466795,-0.08120411,0.05081498,0.04502656,-0.060715873,0.11543461
ASV 201,0.05065975,-0.01670602,0.1881835,0.00935739,-0.011003816,-0.009266167,0.00297892,0.042240247,-0.098573916,0.15200387,-0.011514759,-0.056451835,-0.11005177,-0.110869326,0.0050198114,-0.03660133,-0.07125806,-0.1551173,0.0453015,0.19081402,0.006140474,-0.0010763309,0.041740354,0.036716696,-0.09341229,-0.08337521,0.0018858152,0.04308153,-0.08525697,0.15286675
ASV 202,0.10703554,-0.03142535,0.18353987,-0.019986145,-0.0021414487,-0.06503135,0.013575959,0.020300603,-0.09346642,0.1671929,-0.04114512,-0.03921388,-0.0852196,-0.06007966,0.036298178,-0.034452677,-0.1383174,-0.14113143,0.01560494,0.18783952,-0.0072087212,0.01709935,0.06024834,0.053351734,-0.10734968,-0.06955837,0.04279078,0.012424258,-0.05037106,0.13887973
ASV 204,0.13253975,-0.037571166,0.16624685,-0.023443302,0.05096878,-0.05470981,0.0303009,0.023298208,-0.1024312,0.13271685,-0.03401925,-0.019863263,-0.121904984,-0.06583652,0.037020516,-0.049535114,-0.13825913,-0.12784679,0.06527864,0.2130481,-0.004873936,-0.005046121,0.016920902,0.02954212,-0.08982679,-0.105249986,0.058827832,0.035884865,-0.05679663,0.11688049
ASV 205,0.12775709,-0.050002974,0.17026632,-0.035461817,0.06254608,-0.046065815,-0.0033088792,0.021583334,-0.0948275,0.14865549,-0.029363703,-0.0027152188,-0.1161384,-0.0747564,0.053970765,-0.04093304,-0.11637444,-0.16777262,0.058798876,0.2266244,-0.015014367,-0.012871895,0.032367285,0.028684331,-0.0919771,-0.10259649,0.049350884,0.05614603,-0.059496008,0.1387419
ASV 208,0.09099649,-0.021970525,0.19044565,0.0324127,0.0070602153,-0.037612848,0.017775768,0.04898752,-0.09218344,0.12861215,-0.024949461,-0.058269747,-0.07935228,-0.08255864,0.010481142,-0.036673885,-0.07355502,-0.1474002,0.054471057,0.18586673,0.012899165,-0.02388602,0.035480164,0.039502684,-0.061821256,-0.07307843,0.015009008,0.0075910287,-0.062012244,0.12913153
ASV 209,0.072021104,-0.0001353443,0.20007026,0.032134358,-0.028418144,-0.04373448,0.02772005,0.0540472,-0.10982794,0.14468843,-0.008960156,-0.064006105,-0.10253634,-0.08778353,0.011081724,-0.039097548,-0.08887961,-0.17034878,0.03577789,0.17805904,0.021017492,-0.050022475,0.042125087,0.04537096,-0.070857964,-0.09542086,-0.0017595824,0.017633788,-0.08545387,0.15480086
ASV 210,0.042036597,-0.030487826,-0.028692614,-0.050643858,-0.015255035,-0.067019045,-0.03765392,-0.018583622,-0.14916976,-0.05257098,-0.018922674,0.014498059,0.08930877,-0.06196178,-0.06979162,0.048414562,0.08056234,0.048201095,-0.023180539,0.075853765,-0.03716448,0.005909004,0.09783101,0.027610593,0.099733,-0.009829884,-0.048961155,0.08436299,0.08885304,-0.048386347
ASV 211,-0.058116183,-0.011988053,-0.065951385,-0.010658626,-0.053547636,-0.05639393,-0.010919001,-0.01733538,-0.124393515,-0.06010204,0.026713954,0.04925705,0.1035083,-0.09800951,-0.07328753,0.07735027,0.06659886,-0.022436224,-0.051567882,0.053609025,-0.045649763,-0.016262205,0.1201334,0.03199126,0.1029555,-0.032095563,-0.1241388,-0.024947671,0.014740781,0.043432716
ASV 212,-0.013566696,-0.075067095,-0.033359453,0.09172555,-0.01565544,-0.074970976,0.02322783,-0.038936976,-0.08672166,-0.14240271,0.03637894,0.04842874,0.010004731,-0.01994731,-0.101943955,0.119961664,-0.08309692,-0.031513266,-0.0012451042,-0.041933373,-0.03387595,-0.009826802,0.115863584,-0.018633958,0.04248452,-0.11282509,-0.025157064,0.01007773,0.04181804,-0.08803781
ASV 217,0.031479783,0.14990252,-0.11984556,-0.018856367,0.04859063,0.041747786,-0.015635159,-0.070429385,-0.14765634,-0.04542111,0.053078696,0.025108416,0.053509388,0.079893306,-0.17674237,0.035306174,-0.13540183,0.09025105,-0.10282161,0.066872954,-0.06499111,-0.009829654,-0.02982666,0.08774462,-0.03035469,-0.10828367,-0.077515796,-0.035858348,0.05424055,0.04217596
ASV 219,0.043165155,0.1314148,-0.10619473,-0.0067036063,0.11075404,-0.0151314605,0.042319167,-0.07505562,-0.07427343,-0.064241864,0.016793612,0.10893216,0.07897548,0.0624762,-0.09149144,-0.020976631,-0.08168178,0.009838082,-0.07861281,0.111966796,0.063678786,-0.080670156,0.06381336,-0.029186726,0.027268829,-0.10565918,-0.12696916,0.054963406,0.035732165,0.018718187
ASV 220,0.05086798,0.09303513,-0.05854877,0.042641576,0.0640902,0.034603,0.041057583,-0.048574086,-0.10513204,-0.06770661,-0.02968614,0.005202968,0.07580513,0.07020228,-0.10825663,-0.024037825,-0.06321835,0.08433568,-0.036053102,0.07184635,0.022179242,-0.04123821,0.05890182,-0.011806933,-0.05006465,-0.08348268,-0.014037194,-0.015728543,0.037944403,-0.045518238
ASV 222,-0.08023773,-0.082706206,0.0075160884,-0.07897896,0.02148297,0.017959487,-0.030042442,-0.06332944,0.005446922,-0.121229276,-0.060782783,0.016218908,0.059946094,0.062133193,-0.07853663,-0.12503985,-0.0056799334,-0.060372774,-0.0491626,0.014419933,-0.11492367,0.01696596,-0.04746947,0.025963051,0.02142177,0.047012668,-0.01029209,-0.10039802,-0.17330374,-0.20699844
ASV 223,-0.07851484,-0.02388899,-0.010122331,-0.050780922,-0.07140946,-0.081801385,0.06186766,-0.070885286,-0.10155203,-0.0883691,0.045681767,0.11597972,-0.013214571,-0.011856153,-0.111559086,0.1697172,-0.04593177,-0.039940674,-0.031215725,-0.0068736556,-0.015207447,0.08037408,0.09319659,0.0666579,0.04650069,0.049104616,0.027717898,0.06422814,-0.028337285,-0.11259876
ASV 225,-0.10648842,-0.041781135,-0.07190562,-0.079145595,-0.014065445,-0.105229005,0.0012090778,-0.02623568,0.0025686892,-0.043680858,-0.031130824,-0.017155094,0.026762646,0.10549693,-0.07526496,-0.18007188,0.0115368655,-0.04815559,-0.059285805,-0.04641362,-0.1305683,0.072647974,0.037799057,-0.06743275,0.034355182,-0.09851656,-0.060798205,0.046638954,-0.047122143,-0.17632726
ASV 226,-0.12736726,-0.06324565,-0.015019474,-0.102635,-0.03195988,-0.09119284,0.02560429,-0.028853688,0.009440736,-0.06341604,-0.013405199,-0.054967254,0.04801253,0.078228846,-0.044004716,-0.11160008,0.08017265,-0.038737677,-0.10948867,-0.014485924,-0.107146226,0.01631561,-0.034640733,-0.042865377,0.0481369,-0.068527296,-0.024823666,0.02978844,-0.07755034,-0.08411566
ASV 229,-0.11599921,0.005048416,-0.03177456,-0.11462652,-0.043011133,-0.04964608,0.016576987,-0.08834872,0.018208236,-0.10209051,0.026027512,-0.0013679283,0.04912925,0.08700672,-0.07828722,-0.13047609,0.034798052,-0.11224356,-0.07594202,-0.04193044,-0.09595112,0.05049376,-0.06729003,-0.059361424,0.033712815,-0.119729936,0.0019141719,-0.016493607,-0.08179798,-0.10476618
ASV 230,-0.10693875,-0.048105594,0.03352025,-0.050906923,0.09051558,-0.057372835,-0.09710298,-0.07911127,-0.061239325,-0.06801078,0.022442058,-0.038206622,0.042259403,-0.011234779,-0.009852627,-0.100051254,0.041604176,0.006006457,-0.06594444,-0.03615014,-0.09942965,0.020000529,-0.10841143,0.04964855,0.024861734,-0.03757369,-0.099393815,0.0037823652,-0.060043707,-0.12730387
ASV 234,-0.09885387,0.013391834,-0.06642068,-0.12305937,-0.031936023,-0.06586206,-0.04165778,-0.10386978,0.03069771,-0.07985977,0.04511777,-0.05603409,0.019800788,0.088033006,-0.08205811,-0.17441949,0.11604218,-0.11762763,-0.11135806,-0.00017711429,-0.13660629,0.025297655,0.020766262,-0.04535222,0.10388264,-0.076899834,-0.013290636,-0.038655285,-0.04446221,-0.1377934
ASV 236,-0.017521862,-0.12741959,0.029188737,0.029206362,0.030562319,-0.12702478,0.028046066,-0.057719573,-0.11509277,-0.16573814,0.03296534,0.07051437,-0.0073043234,-0.09842213,-0.054309748,0.1790141,0.034471612,0.025597649,-0.03089956,-0.005508452,-0.10328348,0.0013077828,0.045697995,0.06981614,0.06854164,-0.107865624,0.07494183,0.013152999,0.11190179,-0.109840274
ASV 237,-0.021695241,-0.08007814,0.022576973,0.07449767,-0.015228812,-0.07205218,-0.039300945,-0.08132332,-0.09228148,-0.17171195,0.07823391,0.022827746,0.09961066,-0.07300296,-0.048867982,0.19799058,0.056584913,-0.081377104,-0.03153611,0.062685125,-0.006519847,0.052364472,0.10267686,-0.0071120197,0.028827429,-0.092335954,0.023909824,-0.008670291,0.09130946,-0.12015651
ASV 238,-0.056343336,0.01468343,0.009284568,-0.06370797,0.014668725,-0.056218427,0.072549954,0.075604595,-0.061521232,-0.07602662,0.036577523,-0.01674282,0.09445817,-0.060124077,-0.034058966,0.06440252,0.06502714,0.0018265716,-0.06600168,0.055931907,-0.07640669,0.0030155333,0.03997565,0.089586705,0.083115965,0.07575721,0.05044991,-0.0037594398,-0.031174934,-0.04135354
ASV 239,0.104926,0.04260311,-0.074288495,-0.0005546872,0.1042947,-0.017548122,-0.013123819,-0.049599428,-0.015546306,-0.077778645,-0.024326079,-0.011053218,0.0700641,0.047852382,-0.04011525,0.106604725,0.017509473,-0.08637471,-0.07190095,0.08691693,-0.049409878,0.013058775,-0.087236,0.060404055,-0.15866086,0.019380411,-0.015196761,0.11481582,0.048414484,-0.04089291
ASV 243,-0.101265855,-0.053790096,0.026094424,-0.040706493,-0.069621004,-0.018882236,-0.024852145,-0.044025533,-0.009338607,-0.12321352,-0.0033255739,-0.07404725,0.025666354,0.011204381,-0.03144499,-0.16815673,-0.022165952,0.018018791,-0.07644255,0.0052626184,-0.038972866,-0.02919997,-0.021304812,-0.026639642,0.015025408,-0.06008487,-0.09640941,0.038471512,-0.10626447,-0.17625292
ASV 244,-0.13704525,-0.088964716,0.029314492,-0.0987687,-0.11091791,-0.0480082,-0.023923352,-0.09321065,-0.094904765,-0.015742319,-0.055030704,-0.0131279845,-0.013570898,0.0066482136,-0.048711848,-0.17017563,0.009318553,-0.0076346,-0.058967315,-0.08212191,-0.18040425,-0.017410252,-0.067376755,0.08157889,0.10006956,0.04501704,-0.07081338,0.016796738,-0.090012364,-0.17471032
ASV 246,-0.1220891,-0.08193213,-0.04799428,-0.12335028,-0.105559416,-0.049091235,-0.064273894,-0.050225995,-0.016347187,-0.049278073,-0.043190397,0.016666519,0.056047536,0.06555148,0.020817462,-0.09849212,-0.031987976,-0.06796915,-0.10292897,-0.029448066,-0.11162891,0.010223402,-0.021972315,-0.004163051,-0.043124087,-0.019701872,-0.0509134,0.040229194,-0.1233019,-0.123421974
ASV 249,-0.069204494,0.05770478,-0.1178041,-0.07272671,0.019950718,-0.05936079,-0.08315971,-0.011499527,-0.09651182,-0.054219358,0.015884932,-0.030489882,-0.06192393,-0.029850265,-0.030312944,0.05300143,0.016114108,-0.06423791,0.034308814,-0.006216182,-0.0063449107,-0.05807614,-0.021666849,0.052480742,-0.009572544,-0.07096765,-0.12849973,-0.017183136,-0.057839904,-0.11434601
ASV 250,-0.10499645,-0.05717776,0.015995596,-0.042673573,-0.025606705,-0.022518853,0.005435808,-0.07176994,-0.017259926,-0.1481731,0.010616474,-0.09096919,0.03784713,-0.04854654,-0.02370086,-0.17857482,-0.0019553665,0.006622279,-0.02041534,-0.025759961,-0.06063282,0.036308113,-0.02396373,-0.05808925,0.03052837,-0.07258606,-0.06651618,0.006198936,-0.13987157,-0.18216681
ASV 252,-0.042719483,-0.12456244,-0.004419492,-0.12403905,-0.037478205,-0.12594031,-0.0597387,-0.09971917,-0.042006433,-0.047860976,-0.08681328,-0.016117569,0.01955023,0.11245479,-0.1064127,-0.14300103,0.050521024,0.05870531,-0.045598608,0.022368846,-0.034252636,-0.011938022,-0.082326055,0.04682642,0.06349875,-0.086050056,-0.0044873822,-0.06374246,-0.11301001,-0.20943171
ASV 253,-0.06600328,-0.13281824,-0.011331739,0.015981399,-0.043959912,-0.030056681,0.048684414,-0.11121751,-0.039883323,-0.037933696,-0.029033322,-0.10554711,0.1195209,0.0661507,-0.050781693,-0.1678725,0.053411897,-0.04324279,-0.08629911,-0.0066040526,-0.101229586,-0.0720496,-0.017635424,0.024601085,0.0067919386,-0.012978865,-0.047750343,-0.023289254,-0.07720227,-0.19499801
ASV 254,-0.05250546,-0.056777522,-0.008658081,-0.074688636,-0.06709077,-0.06698503,-0.002713652,-0.13757035,-0.022789875,-0.053516872,-4.7837493e-05,0.0052654953,0.023387646,0.049954545,-0.07313452,-0.17035091,0.07368113,-0.050765112,-0.049355414,0.034228098,-0.023722187,0.011839943,-0.04158337,0.03688249,-0.010706735,0.042159922,-0.11074233,0.010432074,-0.12574595,-0.23398522
ASV 255,-0.10189604,-0.028585382,-0.08528418,0.06680626,-0.01664227,-0.041592084,0.022574814,-0.13036871,-0.03535683,-0.100865275,-0.06957756,0.08337715,-0.05936483,-0.039480764,-0.056989655,-0.08149007,0.04608612,-0.043799862,0.00340505,0.09111804,-0.115112364,0.0024319475,-0.065855116,0.030319586,0.036273703,-0.0019056221,-0.13034771,0.11151304,0.056265987,-0.005882113
ASV 256,-0.07964127,-0.029271659,0.025441373,-0.07458983,0.06822849,-0.095962964,-0.060801536,-0.04291913,-0.063917585,-0.024167614,0.0035187276,-0.012426252,0.07078367,0.043276615,0.020914746,-0.06697826,0.035925068,-0.08144432,-0.08774509,-0.055671606,-0.06671992,-0.016900977,-0.09461043,-0.0029634293,0.05664311,-0.024582036,-0.0910787,-0.0026821203,-0.048748977,-0.1529412
ASV 257,-0.088467814,-0.052863795,0.036212843,-0.034253977,0.082779355,-0.12506296,-0.052601516,-0.053646203,-0.05500048,-0.054412927,-0.042988423,-0.038972046,0.104468964,0.028912194,0.014994928,-0.099154145,-0.016168753,-0.059321493,-0.11031451,-0.04549106,-0.104800865,0.03318723,-0.07457948,0.024496738,0.003646799,-0.012863792,-0.094338715,-0.042527504,0.0016611792,-0.15034844
ASV 258,-0.010008507,0.010914632,0.057581015,-0.043062013,0.057829488,-0.04382328,-0.03676551,-0.10625993,-0.052107643,-0.08782014,-0.031079007,-0.0035452081,0.07340792,0.024528716,-0.010997644,-0.13672023,0.07721108,-0.045598798,-0.11032869,-0.059764307,-0.092377976,-0.032751158,-0.07997227,0.047145266,-0.021201372,-0.0071704704,-0.03405691,0.022668011,-0.025132542,-0.18040143
ASV 259,0.0080360975,-0.024102436,0.02493264,-0.095501915,0.028905226,-0.0582011,-0.037218112,-0.10957977,-0.08020131,-0.07109659,-0.008601268,-0.010263812,0.10726053,-0.021697875,0.02162423,-0.12187923,0.025484411,-0.007717045,-0.09465522,-0.0981362,-0.1076432,-0.004430877,-0.077627875,0.030878002,0.030468108,-0.029381095,-0.020114819,0.029497188,-0.06721838,-0.12605259
ASV 260,-0.06469231,-0.041997097,0.02274956,-0.05069524,0.07303848,-0.08785158,-0.069672234,-0.02326552,-0.029247269,-0.024788218,-0.0016257727,0.03190744,0.071478054,0.011008538,-0.003383116,-0.08835,0.019368036,-0.070302755,-0.078304306,-0.04091082,-0.06278073,-0.0012646288,-0.088642396,0.012345443,0.069573484,-0.059919216,-0.1181351,-0.033582915,-0.035184123,-0.18899088
ASV 262,-0.023164973,-0.02701635,0.005790087,-0.05737548,0.05383456,-0.09145963,-0.03982645,-0.113374785,-0.061879624,-0.08560504,-0.04323542,0.011709055,0.12466755,-0.026002528,0.011720353,-0.121503204,0.016896058,-0.0023082045,-0.08796475,-0.09917109,-0.06481914,0.010282708,-0.05684371,0.03791041,-0.008148681,-0.068976514,-0.05502417,-0.0065144957,-0.10748621,-0.10644529
ASV 263,-0.11270583,-0.065167,0.039081246,-0.014879171,0.054638285,-0.10414388,-0.035522457,-0.056671526,-0.0056199864,-0.028812446,-0.029688032,-0.006074268,0.08735631,0.0073078256,0.025150687,-0.086749725,0.04188357,-0.08767446,-0.1610793,-0.07155434,-0.09503024,-0.031146737,-0.07604315,0.018025663,-0.008567812,-0.06969504,-0.15312931,-0.0046325116,-0.026135959,-0.13071747
ASV 264,-0.023318041,-0.08514068,0.04511939,-0.11029201,0.099950455,-0.12333722,-0.051567145,-0.07192252,-0.031146035,-0.070171334,-0.025876522,0.029451441,0.101447165,0.014439407,-0.018322323,-0.085309155,0.027620297,0.0040746825,-0.097527795,-0.11406475,-0.10608195,0.022721829,-0.100107946,0.05159378,0.018352857,-0.08042829,-0.08275893,0.007677262,-0.11764448,-0.111223795
ASV 265,-0.05064622,-0.058487166,-0.004282651,-0.008834204,0.050521206,0.00073152094,-0.075652644,-0.051299613,-0.0059266416,-0.0778301,-0.082443535,-0.047682267,0.14226644,0.02111969,0.0022689481,-0.111415155,0.017228372,-0.09763165,-0.09439785,-0.011990533,-0.070157245,-0.019813593,-0.05408385,-0.03893789,0.095906734,-0.024379702,-0.02735744,0.06823252,-0.07915616,-0.13533844
ASV 266,-0.020336108,-0.07001865,-0.05210124,0.02894545,0.045377538,-0.013171557,-0.12022321,-0.0952693,-0.070897624,-0.023410503,-0.10458074,0.02450528,0.1336053,0.046185706,-0.03962287,-0.1410032,0.007491155,-0.10881423,-0.099569045,-0.0695285,-0.10990964,-0.05188592,-0.093676664,0.0023713785,0.106294595,-0.0289056,-0.07496683,0.059736773,-0.0969228,-0.13670105
ASV 269,-0.13097881,-0.039079368,-0.0017664034,-0.043757327,-0.03339376,-0.09280836,-0.011105656,-0.0986648,-0.048315972,-0.023456594,-0.057801794,-0.032629542,0.06575197,0.019250033,0.06102114,-0.022351677,0.060030535,0.011026526,-0.038625784,-0.06927501,-0.0719825,0.068753734,-0.069295734,0.004036516,0.017015573,-0.11783446,-0.0039112093,-0.06807248,-0.085525535,-0.14502232
ASV 270,-0.10552225,-0.046607148,-0.010798581,0.00074382394,0.06643849,-0.030469054,-0.104030326,-0.11484919,-0.018902846,-0.016664552,-0.04865753,0.023713056,0.13363218,0.058211196,-0.024858752,-0.143571,-0.057548866,-0.02530906,-0.11243058,0.0010358203,-0.052959614,0.050155472,-0.031056093,0.009518103,0.08081135,-0.042943284,-0.078509815,0.013199117,-0.041377664,-0.14168216
ASV 272,-0.104733735,-0.03214005,-0.025812522,0.009111983,0.07640608,0.012743649,-0.122524545,-0.06241497,-0.00082188006,-0.04550205,-0.07971301,-0.019516913,0.09384705,0.049655117,-0.056490663,-0.11572115,-0.037102386,-0.08043225,-0.101373635,-0.025387302,-0.051802725,0.00050409033,-0.05192235,-0.0050560595,0.066046044,-0.06269092,-0.06070703,0.039916072,-0.07071789,-0.14658917
ASV 273,-0.04183447,-0.012154895,-0.002876838,-0.028083496,0.052680682,-0.0033771866,-0.06837454,-0.063049875,-0.03065382,-0.04778732,-0.07886075,-0.028270047,0.15539287,-0.004120149,-0.03672281,-0.13355778,-0.036048703,-0.09880766,-0.13504161,-0.06794767,-0.059317954,0.023561072,-0.019982293,-0.03643492,0.12258177,-0.0054050065,-0.013587778,0.006062435,-0.10393912,-0.15403451
ASV 274,-0.062666714,0.015013712,-0.019960765,-0.003939817,0.014971307,0.015651952,-0.0391275,-0.08199486,-0.032158844,-0.04159102,-0.09391294,-0.0040274486,0.08795565,0.028937118,-0.04423591,-0.12299773,-0.042326577,-0.08061213,-0.13562271,-0.07716582,-0.06901906,-0.041655853,-0.06797898,0.010642793,0.101260565,-0.01738075,-0.05901198,0.030596692,-0.10016666,-0.146787
ASV 275,-0.03814274,-0.08037302,-0.007735791,-0.08138309,-0.065651774,-0.051530126,0.00068680727,-0.104125075,0.007773963,-0.13066217,-0.0002530949,0.012734628,0.08838975,0.034078076,-0.041179072,-0.17262447,-0.0125502935,0.032450832,-0.10433612,0.019161684,-0.11421933,-0.05523728,-0.051163077,0.070900075,0.07907566,-0.050968792,-0.02069971,-0.030397147,-0.09167584,-0.077954315
ASV 276,-0.019078204,-0.09152653,-0.007916434,-0.10919415,-0.050641034,-0.0060443673,-0.0674298,-0.10172599,0.032978576,-0.09939128,0.01345636,0.011526029,0.061844982,0.0032227922,-0.031798385,-0.16280301,-0.0045406152,0.025909944,-0.1059292,-0.009090991,-0.14709993,-0.024771105,0.019047106,0.06544478,0.008873197,-0.07978292,-0.037681125,-0.05672801,-0.05190942,-0.14018643
ASV 278,-0.028424544,-0.019688653,-0.015722234,-0.12353105,0.0031596192,-0.03799482,-0.08850962,-0.12439892,-0.058186095,-0.042373717,0.012886591,0.012163674,0.10418964,-0.045476403,-0.0070617744,-0.069671184,0.0035287018,-0.05260068,-0.108434185,-0.053594027,-0.0662089,0.05080788,-0.10960601,0.038377017,0.029004771,-0.026239095,-0.10940917,-0.016393615,-0.107942715,-0.11427524
ASV 280,-0.12791532,0.021411479,-0.039351456,-0.09298128,-0.06254309,-0.08149987,-0.040546227,-0.07265542,0.041081026,-0.09205159,0.042831615,-0.059294503,0.04190115,0.08055229,-0.07818598,-0.15557115,0.09031693,-0.107416704,-0.09466573,0.011034682,-0.13027939,0.04555066,-0.018183881,0.005455404,0.08916544,-0.08448673,-0.025127877,-0.043690834,-0.024066685,-0.12100136
ASV 281,-0.15935387,-0.01953148,-0.008275542,-0.13281187,-0.034137387,-0.051195815,0.009646288,-0.054673687,-0.020205006,-0.081835516,0.024556648,-0.019531863,0.07673551,0.088393725,-0.10627188,-0.19146326,0.13110687,-0.04262605,-0.11508842,0.0024370353,-0.1574769,0.029254379,-0.011466235,-0.039858047,0.051442504,-0.11884464,-0.014054473,-0.022636965,-0.033549357,-0.094698586
ASV 282,-0.11094204,0.000136396,-0.038560074,-0.10961197,-0.0585393,-0.07475675,0.02286994,-0.092606775,0.020097723,-0.067524955,0.030548133,-0.068114616,0.05311394,0.108971305,-0.08336488,-0.14805457,0.09865839,-0.1107816,-0.12409699,0.01662557,-0.11234999,0.07726382,-0.027610732,-0.079940595,0.04548589,-0.088503085,-0.025225354,-0.049907494,-0.03183718,-0.15912874
ASV 283,-0.10929067,0.037854336,-0.045371093,-0.11777492,-0.07729671,-0.069460206,-0.0070667793,-0.08561387,-0.00028654712,-0.06911833,0.036447678,-0.049331926,0.06256768,0.105789185,-0.06828989,-0.15460113,0.109785356,-0.08439193,-0.10396115,0.011968614,-0.1180924,0.03728989,0.0041044424,-0.012088029,0.06567842,-0.055039313,-0.03488056,-0.038927842,-0.048170377,-0.13631989
ASV 284,-0.11022395,-0.018618247,-0.058414657,-0.089649476,-0.063980415,-0.07086003,-0.019766336,-0.058086973,0.03201256,-0.08455642,0.04059303,-0.03612845,0.03319274,0.08981034,-0.08475102,-0.15268439,0.079156086,-0.105710104,-0.09791268,0.016065862,-0.14294237,0.076019876,-0.04273379,-0.05600816,0.047824807,-0.10194426,-0.014759461,-0.04679254,-0.032469835,-0.1407976
ASV 286,-0.1462311,0.0076391003,-0.03527547,-0.12582909,-0.01906423,-0.057062753,0.008494677,-0.077779636,-0.037868813,-0.082094304,0.044951696,-0.0525028,0.06828903,0.09175305,-0.0746865,-0.15869413,0.09304311,-0.088082805,-0.086094595,-0.022977632,-0.16009778,0.02949964,0.0028672286,-0.05154622,0.071777366,-0.0726536,-0.047781166,-0.06491509,-0.053017475,-0.09116748
ASV 287,-0.0811999,-0.03554689,-0.06464735,-0.087098606,0.002386231,-0.1108139,-0.010854,-0.04212926,0.030925099,-0.09466167,0.010135396,-0.02614418,0.01548515,0.07926762,-0.038885593,-0.16046122,0.008662874,-0.07710532,-0.0398186,-0.024794165,-0.11162916,0.008841903,0.007665321,-0.03456391,0.07867899,-0.09177801,-0.027831517,0.022077605,-0.03993147,-0.13631721
ASV 288,-0.10376366,-0.04234454,0.0063601555,-0.0028621184,0.059570394,-0.020590762,-0.045966648,-0.12417405,0.019324804,-0.042413548,-0.11495386,0.022897663,0.09482068,0.062350087,0.021625666,-0.1321507,-0.02637386,-0.059172403,-0.12045628,-0.034468126,-0.03495062,0.008642047,-0.04916426,-0.024497766,0.04325162,-0.058995858,-0.004419824,0.07808008,-0.07439153,-0.18284015
ASV 289,-0.03945756,-0.04785966,-0.055089936,-0.111721896,-0.030335944,-0.12165636,-0.0075521893,-0.04771559,-0.005285542,-0.07594279,0.024178006,-0.08268899,0.0025963474,0.09353076,-0.078202695,-0.15148371,0.0290995,-0.05376205,-0.0951167,-0.04793083,-0.13945033,0.01903381,-0.02893496,-0.05771872,0.08776797,-0.08002391,-0.036379423,0.04813548,-0.03512835,-0.116037406
ASV 292,-0.031967886,-0.056072947,0.009908218,-0.110478565,0.023331545,-0.009229635,-0.12325297,-0.030039534,-0.010526667,0.0006850267,0.009382799,-0.027518202,0.122931905,-0.0441712,0.008926931,-0.06632868,0.04705075,-0.03174215,-0.12820311,-0.05545504,-0.12047524,0.039415658,-0.0893374,0.036933497,0.06821374,-0.09946078,-0.05624887,0.03184787,-0.0371268,-0.17968689
ASV 294,-0.071663305,-0.09811178,-0.0765615,-0.11685246,-0.056226715,-0.009954494,-0.05763117,-0.0062717586,0.0024205397,-0.07147461,-0.05925217,-0.10101143,0.054691035,0.08059644,-0.026711397,-0.09681621,-0.018536653,0.016926363,-0.07556619,0.036602914,-0.13801695,-0.05059407,-0.09663115,0.06580786,0.03789727,-0.10864318,-0.012922421,0.016949652,-0.08437555,-0.2086177
ASV 297,-0.062483206,-0.089401215,0.026969457,-0.054920517,-0.09068885,-0.023716152,-0.02017163,-0.07431127,-0.026756734,-0.14432317,-0.009779047,-0.102288134,0.021847384,-0.029497756,-0.07188417,-0.17173955,-0.031406283,-0.016892098,-0.059949834,-0.051082082,-0.058310434,-0.01047804,-0.028992886,-0.06657925,0.008616905,-0.081620276,-0.12288319,-0.01150465,-0.13049565,-0.1636367
ASV 301,-0.06171957,-0.041180104,-0.045353737,-0.08407591,-0.0909451,-0.015466633,-0.083530135,-0.0797984,0.0039876527,-0.10193414,-0.073367395,-0.048198275,0.03265771,0.035680827,-0.027907053,-0.12707208,0.02671338,-0.05392743,-0.05902814,-0.047299176,-0.10723248,-0.05624193,-0.027267717,0.056626394,-0.046802267,-0.10722988,0.016778568,-0.009524385,-0.072085045,-0.16226761
ASV 302,-0.08707455,-0.061327416,-0.04160673,-0.11394332,-0.09546174,-0.053352896,-0.026993416,0.005547412,-0.012528879,-0.08307857,-0.04618601,-0.05611897,0.07098213,0.0052130166,0.040846266,-0.109375015,0.00516591,-0.05915257,-0.07144233,-0.041927636,-0.11221973,-0.043257512,-0.011706393,0.04486387,-0.022040628,-0.03741896,-0.0014187162,0.0065897116,-0.13082142,-0.20228776
ASV 303,-0.11719679,-0.07448981,0.00012090346,-0.056515764,-0.11528716,-0.047730796,-0.078064844,-0.08363459,-0.0075214454,-0.10671577,-0.03212846,-0.061106175,0.09570613,0.042394288,0.010865592,-0.113068156,0.043317515,-0.011502391,-0.02926217,0.03106992,-0.051615734,-0.004637163,-0.060224675,0.040990975,-0.015929861,-0.099381104,-0.039393406,-0.005033273,-0.09139149,-0.1362201
ASV 304,-0.13541955,-0.06251699,-0.03365282,-0.08927752,-0.11834794,-0.03543008,-0.033887465,-0.022538055,0.005678875,-0.09908445,-0.027959146,-0.010304362,0.09612164,-0.009067419,0.04110724,-0.09856864,-0.016832659,-0.057491973,-0.026756616,0.003115078,-0.08049597,0.0049147527,-0.08450294,0.05140319,0.021786522,-0.090133466,-0.013916459,-0.03265335,-0.14042324,-0.19215886
ASV 307,-0.10097409,-0.123376094,-0.010361825,-0.049433034,-0.034846734,-0.021755634,-0.07144855,-0.08690323,0.0528009,-0.1338154,-0.07809743,-0.0026281064,0.051269334,0.04687235,-0.028803041,-0.10732693,0.040870257,-0.09275202,-0.07749512,0.054349992,-0.09133312,0.0023699915,-0.014468962,-0.008666871,-0.048247296,0.003367041,-0.10223491,-0.08432657,-0.14245272,-0.16073388
ASV 308,-0.0072243614,-0.028374933,-0.00218287,-0.11863152,0.011532382,-0.095121995,-0.100457065,-0.15291235,-0.0025985437,-0.049615595,-0.005454127,-0.045851838,0.12325306,-0.02957756,0.017451173,-0.08587626,0.0029933571,-0.07170466,-0.12727405,-0.044667967,-0.029279513,0.03957535,-0.06657764,0.06595118,0.046565514,-0.006912147,-0.06905189,0.04040384,-0.085357256,-0.12556553
ASV 309,-0.06690812,-0.023209361,-0.02134551,-0.008338341,0.008701119,0.004406713,-0.031935316,-0.105009936,0.020176202,-0.052925654,-0.033277187,-0.020236142,0.09756589,-0.008621758,-0.0011262549,-0.10006948,0.006204583,-0.08420493,-0.12000985,-0.0064504845,-0.0697481,0.018710509,-0.08717309,0.00302761,0.055559777,-0.029050242,-0.05856783,0.046495274,-0.044252675,-0.12093966
ASV 311,-0.06569329,-0.069863446,-0.021139279,-0.07203215,0.057241734,0.0067814137,-0.11549391,-0.09185359,0.010920026,-0.060342234,0.0014244434,-0.042117625,0.09117049,0.026652085,-0.011086346,-0.08263678,-0.025737861,-0.05241489,-0.08205015,-0.014777878,-0.088940844,0.020572677,-0.037161358,0.010333819,0.060333554,-0.029823761,-0.018870967,0.02037611,-0.07317327,-0.102961786
ASV 312,-0.014183796,-0.08903071,-0.045481067,0.0061605237,-0.038514055,-0.04241193,0.06512086,-0.089735344,-0.062099095,-0.17037211,0.06049624,0.098186865,-0.05007907,-0.0942065,-0.0021630435,0.18227221,-0.017695537,-0.10271856,-0.11537872,0.0680014,-0.11074124,-0.052967303,0.037087996,0.0071111503,0.053575322,-0.019342536,0.027139217,0.051408283,0.11660223,-0.122979164
ASV 313,0.014817954,-0.09524406,-0.02204269,0.014058989,-0.027834335,-0.13013448,0.039716136,-0.069728404,-0.0650319,-0.14069249,0.09749596,0.060112078,0.052558452,-0.05526818,0.03856663,0.21726853,-0.072809935,-0.020510651,-0.10702644,0.028299764,-0.025787087,0.033982594,0.110410415,-0.013796839,0.09006221,-0.07664148,0.042084575,0.029498588,0.046870477,-0.1539261
ASV 317,-0.08768399,0.069033235,-0.09413571,0.036090583,-0.01575014,-0.04543078,0.045216072,0.020422168,-0.1213355,-0.017997332,-0.124601446,-0.053757608,0.07883533,0.02818854,0.03319612,0.097887404,0.07874318,0.06837984,0.023910914,0.13744903,-0.0011461732,-0.043086473,-0.06008213,0.07978399,-0.034953095,-0.10819999,-0.0064966218,0.04725431,0.04159091,-0.06446466
ASV 320,0.0029271417,0.10373675,-0.038067985,0.053682126,-0.042550843,6.403408e-05,-0.034312427,-0.05747245,-0.110959336,0.03544697,-0.04315244,-0.10590521,0.08224095,-0.058939543,0.021189246,0.06722385,0.10291183,0.093574725,-0.14186423,0.0059378473,0.01986862,-0.05983091,0.048512585,0.0280841,-0.09771873,-0.2029817,-0.057651695,0.13663691,0.08503698,-0.048462417
ASV 321,-0.09442495,0.12347629,-0.1344847,-0.016474104,0.03715761,-0.06537992,0.019078588,-0.0017009511,-0.1411667,0.021190917,-0.08746999,-0.008241868,0.06726091,-0.012803324,0.065706745,0.0817263,-0.02783856,0.07694568,0.02288597,0.096982375,0.040933684,0.045971766,0.013614891,0.052229922,-0.04104744,-0.07557044,-0.051631596,0.0540682,0.0032413441,-0.10374412
ASV 322,-0.01312261,-0.07511731,-0.029481504,-0.0065431288,0.044249993,-0.00012264079,0.0273743,0.015049257,-0.080847524,-0.14875987,0.052830447,0.0399914,0.043484647,-0.08125063,-0.08814783,0.1502771,-0.060925398,-0.022198647,-0.079542674,-0.05959628,-0.06560394,-0.02920017,0.11810036,-0.0061760833,-0.013290484,-0.09322055,0.027954828,0.081031226,-0.015173957,-0.074887656
ASV 324,-0.027308889,-0.041619144,0.048734523,-0.018141296,-0.06475713,-0.016199186,-0.023449931,-0.15172519,-0.1275547,-0.097710446,0.034892578,-0.027174726,0.019806566,0.017207326,-0.069864556,0.179351,-0.016976455,0.0002686127,-0.023566287,-0.03373012,0.022898758,0.028557768,0.12498777,-0.0042954264,0.041782677,-0.010550492,0.011141036,0.11032539,-0.0052432152,-0.09805972
ASV 325,-0.051966745,-0.08922867,0.025934812,-0.037998892,-0.068606265,0.04085107,0.052263584,-0.016877353,-0.108240016,-0.09455796,0.0950492,0.057522252,-0.0024956742,-0.036610812,-0.111054584,0.19468799,0.014836269,0.007179349,-0.033277206,0.05419337,-0.03203719,0.020670887,0.03570765,-0.022383599,0.061155878,-0.037847664,-0.061563537,0.11978393,0.00018829924,-0.1402962
ASV 327,-0.15186726,0.0060182684,0.09625515,0.04136513,-0.06696281,-0.01909955,-0.060155492,-0.05165418,-0.149808,-0.15768845,-0.034350645,0.055785198,0.033868384,-0.011423689,-0.17946018,0.21113326,0.05880399,-0.1337537,-0.05898919,-0.046442043,-0.014013803,-0.014053413,0.1443939,0.043260805,0.07473011,-0.009182599,0.04569617,0.028131409,0.013494264,-0.05396303
ASV 328,0.004909694,-0.13539931,-0.049456324,0.0726597,-0.012470913,-0.061571717,0.08997846,-0.1067174,-0.090201914,-0.11905259,-0.0011295489,0.05355299,0.030951692,-0.06331567,-0.031613212,0.17494409,-0.0037707477,0.0062072687,-0.11212868,0.04417351,-0.10371705,-0.0002830673,0.116289444,0.038942117,0.00900391,-0.022200953,0.067193605,-0.019422906,0.08142478,-0.14730234
ASV 331,-0.13460857,-0.04923627,0.103234634,0.10798528,0.045313675,0.030503388,0.038955934,-0.03866775,-0.12613845,-0.19223551,-0.03314829,0.11018921,-0.038480803,-0.022671832,-0.1767638,0.1805811,0.05298129,-0.077260844,0.0019615053,-0.0055770585,-0.022093715,-0.015085316,0.12985955,-0.020643268,0.043532174,0.020539626,-0.048928194,0.047490243,-0.039365657,-0.16519591
ASV 334,-0.00079832453,-0.044822264,-0.0030490528,-0.03071615,-0.041135073,0.054954465,0.048646864,-0.06620693,-0.14366613,-0.17948426,0.092293836,0.08372634,-0.044564877,-0.07434899,-0.12919633,0.14870559,0.001814886,-0.03646007,0.009054615,0.051863413,-0.027782142,-0.031431444,0.06345223,-0.0004964715,0.024959836,0.029482407,-0.046551093,0.075996175,-0.030006845,-0.16245744
ASV 337,-0.11525053,-0.0065361736,0.052039906,0.0058882865,-0.025565472,-0.026101593,0.06616188,-0.097491175,-0.13865413,-0.14230952,-0.018704206,0.018370435,0.02248708,-0.022569714,-0.033840135,0.18837062,-0.03894731,0.013498288,-0.06931129,-0.04594514,0.019323952,-0.079753935,0.14648527,0.0435743,0.08828658,0.0068107443,-0.04499922,0.13690223,-0.077030346,-0.06705283
ASV 338,-0.07391162,-0.09607685,0.06828877,-0.015554933,-0.0068110544,-0.046959557,0.061016064,-0.015063045,-0.14765793,-0.112838246,0.038553663,0.054356575,0.032123007,0.04493024,-0.13008198,0.18677989,0.022388957,-0.04900076,-0.08069099,-0.00033070828,-0.035307936,-0.011092339,0.06925259,-0.031832084,0.012382864,0.045581635,0.002363984,0.068211034,-0.013978729,-0.05547044
ASV 339,-0.13459249,-0.02217371,0.010843724,0.06471602,0.006322254,-0.008948446,-0.08287549,-0.035421424,-0.12533322,-0.16615073,0.0067085866,-0.011330595,-0.06333656,0.0012773288,-0.09427732,0.24568012,-0.04604013,-0.06399044,0.02830746,-0.009187397,-0.06904723,0.03267352,0.041525785,0.084488556,0.11264811,0.043432172,0.01916345,0.14683285,-0.043232407,-0.14853841
ASV 340,0.02939424,-0.122227184,0.0048528225,0.06413564,-0.074090205,-0.10781934,0.010128133,-0.01985596,-0.04450086,-0.12042679,-0.0017118832,0.051021535,0.058716487,-0.095896,-0.07389437,0.18583739,0.021361737,-0.07524674,-0.09892937,0.03694593,-0.05982778,0.03941032,0.10299451,0.034224723,0.06824505,-0.032113414,-0.006480353,0.03135127,0.10343396,-0.12301331
ASV 342,-0.17328319,-0.088359855,0.039000105,0.10096788,0.009254052,0.005557197,-0.026083104,-0.16483866,-0.030694807,-0.13609461,0.018557897,0.11975351,-0.06245645,0.058519613,-0.17158662,0.20298737,-0.07577891,-0.06589618,-0.092410035,0.026236434,-0.0045049004,0.012553876,0.09596555,0.08788301,-0.038090747,-0.014653282,0.0068647508,0.07883628,0.0009509775,-0.113793835
ASV 343,-0.10311359,-0.0072464184,-0.028725766,-0.032476574,-0.01958102,-0.026497452,-0.021395445,-0.13795331,-0.12224222,-0.14375106,-0.037673287,0.04342075,-0.022496779,0.036597446,-0.026945792,0.17927408,-0.042281993,-0.025885154,-0.004317195,-0.014638717,0.021913072,-0.058785062,0.12817746,0.019069893,0.06695062,-0.051807914,0.08424881,0.10375397,-0.03312852,-0.07831872
ASV 345,-0.081927575,-0.04066259,0.01767634,0.018928204,0.054098595,-0.033944465,-0.050352134,-0.10063523,-0.01785535,-0.058395818,-0.058326617,-0.027834788,0.13526833,0.022991857,-0.0394875,-0.11049821,0.02877708,-0.09295628,-0.14541812,-0.06535407,-0.037316523,-0.048698682,-0.10213021,-0.012434617,0.106675155,-0.07651156,-0.022119828,0.008594534,-0.099003986,-0.08458172
ASV 349,-0.037584987,-0.04327101,0.037077323,0.039093345,0.007597832,-0.016101534,-0.051436223,-0.10685015,-0.12853472,-0.1540158,0.025800645,0.09007835,-0.011606669,0.0032791647,-0.16382101,0.115888774,-0.016673665,-0.07829535,-0.020473082,-0.03694635,-0.07164531,0.019671503,0.11324244,0.035776105,0.0155901965,0.036871076,0.038234692,0.08677403,0.051132932,-0.05441006
ASV 350,0.14699022,0.09637474,0.08206886,0.09551393,0.025273202,-0.036754318,0.1406677,0.0097647095,0.028755415,0.15059374,0.10788535,0.027667504,-0.06756434,0.0391061,0.08953234,0.08370172,-0.005205905,0.0050233398,0.14806724,-0.046183024,-0.1791621,0.03634346,0.036878314,0.17145105,-0.05156742,-0.13656875,-0.07563273,0.06406347,-0.11149884,-0.025523208
ASV 351,0.13733149,0.0358066,-0.0011540531,0.08895782,0.051419333,0.07153955,0.11126095,-0.036256447,0.08562157,0.16424866,0.021091634,-0.050563816,-0.007957621,0.02307846,0.051092267,0.06101786,0.048039306,-0.01149339,0.0824765,0.08756727,-0.18858442,0.06976457,0.10977337,0.091024265,0.044013042,-0.037252754,-0.06613285,0.101359725,-0.09896381,0.056183852
ASV 353,0.14937899,0.0724549,0.035785243,0.14602478,0.041389626,0.08599897,0.052012276,-0.0862221,0.07187602,0.14411132,0.016883666,-0.10117124,0.019936591,-0.010017385,0.035063587,0.068040416,0.032927174,-0.023341017,0.109781735,0.023228617,-0.18044539,0.08491859,0.12257155,0.12983237,0.057419784,-0.065203905,-0.056066345,0.065039545,-0.122340016,0.08774013
ASV 354,0.14175497,0.09046136,0.023436073,0.13353296,0.01777312,-0.017279878,0.16252546,0.05502391,0.0077969986,0.13671844,-0.012816397,0.00924086,0.013533993,0.057463557,0.012520362,0.03497663,0.011547845,-0.0171936,0.09035032,-0.04738166,-0.17929482,0.009714709,0.099483944,0.120059475,-0.05668023,-0.09998872,-0.032266982,0.038661864,-0.12426787,0.056456346
ASV 355,0.08877879,0.14391772,0.0991637,0.16931236,0.05421123,0.007133399,0.12096223,0.06640732,0.036792822,0.081952326,0.07098729,-0.03859919,-0.027770339,0.0639002,-0.017355788,0.033863444,-0.0067345253,-0.0013470625,0.19462515,0.007901052,-0.18615744,0.07269603,0.02697301,0.21226361,-0.041563414,-0.09365569,-0.05786213,0.090454035,-0.13712749,0.014559794
ASV 356,0.051041182,0.07741346,-0.011783565,0.09963749,0.08050376,0.091443375,0.10214551,-0.004387216,0.08284147,0.117561534,0.020839624,-0.0908626,0.01276756,0.017548444,0.0943661,0.07739437,0.06689604,-0.038628012,0.11635088,0.08210063,-0.22302145,0.04069042,0.1578863,0.10268762,-0.002165226,-0.077428415,-0.06902973,0.09334049,-0.15765575,0.11125126
ASV 357,0.12230767,0.036993362,-0.01178799,0.13491069,0.033799704,0.08966119,0.07171043,-0.06365316,0.087870985,0.13577522,0.03592978,-0.060705476,-0.022206584,0.024245832,0.067964345,0.09702828,0.00846318,-0.047771316,0.13987492,0.06657673,-0.19238453,0.062492017,0.09479796,0.08971793,0.037422266,-0.088397846,-0.09093853,0.015454728,-0.11933734,0.056232926
ASV 361,0.13919643,0.13717395,0.044941176,0.10586081,0.022263262,-0.071958885,0.21105625,0.06509995,0.018178733,0.13561359,0.0064951438,0.05682636,-0.10954925,0.14927644,-0.025514947,0.12112572,0.0837404,-0.10496985,0.18137676,0.026657807,-0.21960968,0.05020814,-0.020308128,0.15223624,-0.06396426,-0.09616841,-0.08472506,0.0029779882,-0.12332402,0.0024589007
ASV 362,0.15235981,0.06459059,-0.020226046,0.049869478,-0.023163669,-0.034654412,0.12814158,-0.037357908,0.04729849,0.1105045,0.056073844,-0.06885177,-0.042826407,0.10011734,0.026606757,0.074792735,0.06264031,-0.03374485,0.13393837,0.022390613,-0.12597536,0.008571123,0.109297,0.07670475,-0.04355445,-0.1306559,-0.009560232,0.013144551,-0.1315259,0.07694955
ASV 363,0.13686183,0.028491667,0.038273998,0.13084024,0.082072996,0.03812151,0.12121089,-0.055724926,0.07023171,0.13029501,0.048583522,-0.089058,-0.0002580786,0.03294531,0.064213105,0.06352182,0.0023006443,0.0153164575,0.12018824,0.054104127,-0.14548749,0.078654446,0.08041403,0.068874225,0.06133998,-0.06588719,-0.051930074,0.08036462,-0.12179035,0.045425896
ASV 365,0.069834776,0.050689526,0.013689202,0.04643269,0.051906366,0.031040618,-0.0070411484,-0.034338813,0.038256224,0.0453186,0.033631872,0.020803655,0.014823332,-0.038922604,0.069949545,0.0124949375,-0.035374288,0.0024434943,0.11776113,0.078110375,-0.04071141,0.060373105,0.03474679,0.05686282,0.032662347,-0.08974211,0.069488786,0.011364075,-0.039541215,0.057908002
ASV 366,-0.019619385,-0.12713686,-0.041076258,0.12466392,-0.031420007,-0.026805341,0.03470875,-0.08616738,-0.11495129,-0.18979956,-0.029397143,0.14818522,0.08366762,-0.11866924,-0.07609371,0.17982425,0.04235596,-0.015208407,-0.063234985,-0.017863924,-0.096847884,-0.00053661433,0.039407596,0.03583809,0.03845748,-0.1394896,0.12959914,0.09653375,0.0035605445,-0.06306948
ASV 367,-0.013920537,-0.046915915,-0.08426661,-0.08286175,0.04974287,0.04225711,-0.031636607,-0.025401043,-0.112363964,0.05911097,-0.09418022,0.09530393,0.042139586,-0.03926978,-0.036699496,0.073521405,0.08038466,0.0022416194,-0.073343374,-0.04555642,-0.05774294,0.01064087,0.11119013,-0.09609116,-0.07168431,-0.094188035,0.04117539,-0.018880501,-0.046979338,-0.030528706
ASV 370,-0.07893773,-0.04974729,0.057229824,-0.030753914,0.061282825,-0.14275478,-0.11951304,-0.04798409,-0.0034442677,-0.03151304,-0.004336768,-0.05675606,0.07128083,0.022604018,0.0034572924,-0.104468524,0.032953225,-0.10001699,-0.14506541,-0.080541365,-0.075501814,-0.013023459,-0.020118725,0.04522916,0.03350291,-0.011983312,-0.14633057,0.028398732,-0.029051563,-0.15747422
ASV 371,-0.024994686,-0.02290431,-0.024961784,-0.11815427,0.010637976,-0.053308185,-0.09271647,-0.16992675,-0.015925912,-0.060283426,-0.026716307,0.01011249,0.06862416,-0.035941456,0.05378262,-0.094364114,0.056273293,-0.074191615,-0.1067189,-0.022298452,-0.0690747,-0.029235398,-0.08949792,0.066831574,0.095893756,0.00064811925,-0.034145843,0.01507449,-0.09315929,-0.1286322
ASV 372,-0.01799069,-0.11273804,0.0026744776,0.043611947,-0.053623606,-0.10018811,0.05653995,-0.043574367,-0.006012806,-0.17110561,0.07425127,0.06388779,0.0579816,-0.03572967,0.03293098,0.22372517,-0.055658624,-0.03861551,-0.14507696,0.043888714,-0.031380557,-0.025426498,0.091165304,0.008016892,0.018781839,-0.12263561,0.029522635,0.07290376,0.057383977,-0.13208868
ASV 373,-0.024272537,-0.10785757,0.062067192,-0.017377349,-0.05882016,-0.027190732,0.038927276,-0.14443225,-0.08786753,-0.10863428,-0.022031654,0.009767623,-0.0024128126,0.051395603,-0.09112781,0.18506572,-0.06594628,0.066035435,-0.06342736,0.041267376,-0.017971149,-0.018033367,0.10236711,0.058694128,0.12508334,0.01355233,0.040869452,0.03760943,0.028889595,-0.11650675
ASV 375,-0.008448196,0.02790805,-0.024203574,0.141399,-0.04838515,-0.020657696,-0.031478543,-0.06363795,-0.020065531,0.03394332,0.026011012,-0.10085685,-0.14802401,-0.039010435,-0.11152749,0.08706382,-0.013430496,0.017217075,0.005246161,-0.03225069,0.054152813,0.07704714,-0.0974711,-0.07327855,0.02020458,-0.024900788,-0.06149153,0.0721554,-0.12774688,0.08857848
ASV 376,0.04399697,0.068662114,-0.015504238,0.120192595,0.035447992,-0.027646612,0.0120702265,0.038846046,0.008994174,0.026525639,0.012150054,-0.060844842,-0.07869691,-0.034894288,-0.079696625,0.037281554,-0.0043191393,-0.04643316,-0.045292195,-0.033302493,-0.01786093,0.05886737,-0.035720333,-0.02830662,-0.028769108,0.050962746,0.044780195,0.011155885,-0.01246287,0.0046739946
ASV 384,0.055610478,0.06584892,-0.113250956,0.0014891501,0.041623477,-0.10228067,0.050879862,0.05633516,0.06219164,-0.020776097,0.013424875,0.005630654,-0.13655788,-0.12843288,-0.13510898,-0.023407174,-0.036660064,0.064754106,-0.10396569,-0.010234074,0.021506261,-0.009770628,0.09475956,0.024172815,0.022252433,-0.030892894,0.07924818,-0.020835891,-0.1377813,0.09189857
ASV 388,-0.004951148,0.028575014,-0.0017994186,0.04096532,0.032616753,-0.074158855,-0.022640303,0.05923098,0.08711741,0.034097128,0.053404003,0.028798396,-0.13353723,-0.018594079,-0.12407463,0.067926034,0.05329319,0.026350157,-0.08552387,0.037303656,0.072349645,-0.010632023,0.0031613808,0.067712806,-0.032745827,0.025511282,0.014147206,-0.033410653,-0.14627294,0.028449716
ASV 392,0.037592817,0.03056263,-0.04270464,0.07478062,0.030238288,-0.059745815,-0.017760577,0.050949402,0.070182726,0.06511315,-0.018699123,-0.044368833,-0.07189241,-0.026750732,-0.111559674,0.0509042,0.026888646,0.06832883,-0.10087118,0.03356889,0.07784871,0.047844425,0.01772128,0.03391056,-0.009725676,0.006212684,0.08862385,0.043954287,-0.11559213,0.0027333472
ASV 393,0.03247022,0.024684347,-0.0711101,0.089921646,-0.0037056513,-0.015697962,0.01684921,0.0382645,0.09768489,0.0679911,0.020193504,-0.036356445,-0.08334091,-0.08910523,-0.13773182,0.03962692,-0.0038996073,0.095917605,-0.13328849,0.09218205,0.06600602,0.10030386,0.015199403,0.03303608,0.018810714,0.0322188,0.076274745,0.016148027,-0.14561081,-0.008833268
ASV 394,0.017753359,0.04193675,-0.071937926,0.08370861,0.01835836,-0.06432445,-0.0039294455,0.038354952,0.09529214,0.0538084,-0.008036763,-0.07352661,-0.086595625,-0.07651585,-0.110434234,0.052221533,0.027017847,0.04837738,-0.12043073,0.05233478,0.08272121,0.07836772,0.04599328,0.026389692,-0.008960793,0.034181796,0.07319271,0.042250562,-0.15051514,0.01670103
ASV 395,0.058756534,0.04506498,-0.031161861,0.08744568,0.0052743857,-0.024857182,-0.013836359,0.030046355,0.05955654,0.0645816,-0.00074752903,-0.036808312,-0.07884259,-0.07115889,-0.14993697,0.026949864,0.044149257,0.09143211,-0.1136773,0.043069206,0.0860922,0.05401124,0.021904098,0.050530493,0.014880593,0.043554086,0.09009321,0.05176746,-0.15487202,-0.001295645
ASV 399,0.02470737,0.043175254,-0.06853805,0.06352197,0.03936016,-0.0619745,-0.0327883,0.07043603,0.09067119,0.061791483,0.009150958,-0.07513954,-0.06296741,-0.057708833,-0.14080283,0.06748448,0.028831417,0.04753068,-0.12619285,0.06133115,0.06352106,0.103260554,0.02889214,0.050700873,-0.0141818235,0.043372888,0.099359095,0.035632953,-0.14986776,0.019113943
ASV 401,-0.06332373,0.14502418,-0.17351812,-0.049273793,-0.016767798,-0.064069696,-0.005519534,0.09414003,-0.09050253,-0.07142239,-0.115287,0.107815675,0.13097182,-0.090101585,-0.12941778,0.023114823,0.044846136,-0.09651139,0.006807945,0.1307222,0.010544416,0.12796248,-0.04715662,-0.001577605,0.017248463,-0.098634146,-0.005406106,0.1701131,-0.027524112,0.05922526
ASV 403,0.017857457,0.12906949,-0.18995619,0.0036038985,0.06365988,-0.12723896,0.04715385,0.03384489,-0.1561518,-0.12418324,-0.12904045,-0.15585965,-0.011475652,-0.07541863,-0.075446784,0.023279857,-0.1410103,-0.0021051622,-0.058393113,0.17265382,0.013685578,0.016343271,-0.12221874,-0.007219656,0.11313827,-0.03513845,0.06550783,0.12575804,0.10111749,-0.07466923
ASV 410,-0.15302004,0.097163334,0.038496546,-0.030095296,0.14608212,0.034015812,0.005729625,-0.13578202,-0.04868676,-0.10740876,0.104734056,-0.07007734,-0.051418845,-0.08707466,0.067646526,-0.018453084,0.029926043,0.13368726,-0.08388172,0.13493426,-0.034561843,-0.064185806,0.12812407,0.10501363,-0.1476091,0.031654008,0.003764951,-0.04494027,0.008276844,0.00444928
ASV 416,0.036947273,0.0104497615,-0.08605831,0.18984856,-0.10438805,-0.030341929,-0.104184374,0.044734955,-0.09301403,0.083275236,-0.09222044,0.020123454,-0.13967587,-0.09564207,0.10958426,-0.002907476,0.04945486,0.11192012,-0.02308447,0.05452021,-0.05624466,0.0015133062,0.03880023,-0.11084507,-0.049912073,0.13122112,-0.013660089,-0.11664267,0.021019228,0.010423912
ASV 417,0.01587188,0.086866006,-0.11180088,0.19656946,-0.08294376,-0.0005360496,-0.1342675,0.021111252,-0.006216867,0.10695496,-0.06065978,0.10341596,-0.12970516,-0.055455763,0.08636163,0.028980302,-0.029259756,0.11171375,-0.0868216,0.024067815,-0.028800426,0.028204503,-0.002603269,-0.024761759,-0.106135495,0.020192247,0.017046917,-0.1587378,0.021383867,-4.384031e-05
ASV 418,-0.00016267916,-0.014073688,-0.087764174,0.1974857,0.012801415,-0.059228778,-0.12467682,0.06978575,-0.077823766,0.09572778,-0.06854251,-0.015801778,-0.17189866,-0.07882622,0.15131527,0.03804016,0.005423362,0.115610644,-0.06064811,0.008133004,-0.0965253,-0.077157855,0.010456839,-0.1169972,0.03789476,0.0702478,-0.036945675,-0.12454064,0.035510026,0.0683234
ASV 422,0.04112753,0.19857866,-0.020890886,0.1702538,0.06575315,0.15480542,0.12228261,-0.007818517,0.082702674,0.026416395,-0.074347585,0.061126772,0.06982362,-0.17090227,0.15343173,0.03701963,0.032927353,0.012136343,-0.09787925,0.08458717,0.12525381,-0.11288591,0.00014890406,-0.07568165,0.024499062,0.0074097933,-0.046344116,-0.16660233,-0.09355574,-0.065847844
ASV 436,0.0792279,0.1875891,-0.012259815,0.24204963,-0.05219758,-0.047724724,-0.18622583,0.14582492,-0.06901735,-0.09689489,0.1673836,0.1691311,-0.06477173,0.08550977,0.19084483,-0.015586179,0.0028146568,0.07940094,-0.09619338,0.019444304,-0.12368436,-0.014034336,0.005104698,-0.1696543,-0.07159306,0.09839142,0.13679019,-0.017272081,-0.116311684,0.104786955
ASV 440,0.1089758,0.18345326,-0.0021716533,0.23268065,-0.06700408,-0.068732016,-0.18197429,0.113534816,-0.11991453,-0.044046417,0.18960339,0.16725422,-0.035561036,0.04021063,0.19234265,-0.0035685024,0.07848684,0.14761816,-0.06005986,0.04732913,-0.08552101,0.050545745,-0.06665801,-0.20727369,-0.0009099181,0.018755494,0.1075183,-0.044498302,-0.07068364,0.089606665
ASV 441,0.11153264,0.10429239,0.031552088,0.30049667,-0.061500344,-0.10786793,-0.21271832,0.19086294,-0.053114325,-0.08937333,0.12300548,0.19833371,-0.038504586,0.12475376,0.17741618,-0.017065285,0.08507619,0.17318256,-0.10614741,0.11057085,-0.05610412,-0.044479236,-0.057801917,-0.2206061,-0.028595444,-0.028445056,0.1381414,0.00070386176,-0.081264324,0.10165751
ASV 442,0.11050776,0.17488499,-0.009671121,0.25592238,-0.06043906,-0.07809704,-0.21255903,0.087605424,-0.03808963,-0.11614759,0.16879912,0.15853186,-0.07285378,0.05940644,0.19303708,-0.03070244,0.021542102,0.1142782,-0.04231337,0.04642366,-0.06211953,-0.0040903306,-0.0131409615,-0.17274085,-0.017047703,0.0054077446,0.14056428,-0.07272418,-0.09186176,0.09781231
ASV 449,0.12083389,0.14599131,0.003779468,0.1486787,0.076936625,-0.03835095,-0.17295326,0.054877188,-0.113129765,-0.034364723,0.20365645,0.030134661,-0.031225141,0.11203224,0.18622012,0.03692706,0.08141563,0.1909144,-0.09147202,0.14805351,-0.021198183,0.06823009,0.006440666,-0.2339969,-0.06445957,0.14642332,0.04320429,-0.0154644465,-0.10744894,0.043498714
ASV 451,0.09158552,0.17100671,-0.00882835,0.18083914,0.06939466,-0.036446072,-0.13505068,0.09643616,-0.059623994,-0.031317215,0.2069078,0.03253274,-0.07261774,0.1227289,0.18628193,0.071511894,0.07022689,0.1408087,-0.14692827,0.14841872,-0.05586172,0.026475763,-0.0823858,-0.22438103,0.028505845,0.12929545,0.051852405,-0.0073718326,-0.08448567,0.067200795
ASV 454,0.058068816,0.015926966,-0.12952577,0.15797839,-0.048213474,0.0031465304,-0.05420181,0.053910106,-0.082024544,0.11190218,-0.037695024,-0.01173252,-0.14549184,-0.06154835,0.09662671,0.08053393,-0.05450914,0.093631215,-0.11126728,0.018470326,-0.0747184,-0.05983258,-0.054067053,-0.10887139,-0.03843413,0.0784217,-0.04545856,-0.18876912,0.002560654,0.028754449
ASV 457,0.009869367,0.11804568,0.0486951,0.07007374,0.16917685,0.0262026,0.042102963,0.03850093,0.12347616,0.045904163,-0.036746968,-0.14893304,-0.07555561,-0.16323437,-0.05528908,0.084356844,0.1533267,-0.01953672,-0.019462742,0.044339642,0.015677704,0.0057316683,-0.038039878,-0.04538396,0.12741458,-0.07801728,0.11421276,-0.20850109,0.14069985,-0.04356614
ASV 458,-0.073291704,-0.006184672,-0.10598439,0.030632703,0.041145727,0.1183174,0.0003400852,-0.10368595,7.146283e-05,0.0054522906,-0.12045981,-0.119226955,-0.1394959,0.031960446,0.09212308,0.077132754,0.07953061,0.013495439,0.021050973,0.099088654,-0.16270852,0.06843471,0.056815013,-0.1790296,-0.08800502,0.1309778,0.08616612,-0.044485234,0.08278455,0.12352564
