ASV 0,-0.027406616,0.0045293975,-0.04502894,-0.115631394,-0.19654621,0.04389192,0.2055257,0.022061342,0.028725747,0.33098236,-0.027294485,0.2256754,-0.28743777,0.047908094,-0.17969158,-0.12733237,0.17271586,-0.0030991563,-0.07998933,-0.13784546,0.14049189,-0.05833238,0.051752664,-0.24440019,0.10412717,0.11591131,0.33098787
ASV 4,0.1305539,0.13760585,-0.057007194,0.07734333,-0.10985565,-0.10628508,0.17162089,-0.034399614,0.03568269,-0.070973985,0.021415798,0.012626602,0.03781104,-0.056841843,0.21912415,-0.08343808,-0.20756152,0.042849764,-0.005160824,-0.2313517,-0.09046052,-0.18593186,0.19374146,-0.039725408,0.0278835,0.030048983,0.070739456
ASV 8,0.1268753,0.17665014,-0.06754307,0.0625527,-0.10578996,-0.14763783,0.117332675,-0.020714665,0.0027291996,-0.08383373,0.023513138,0.027878901,-0.015507163,-0.024037985,0.21452546,0.0077914027,-0.23372369,0.015151704,-0.010353575,-0.21802051,-0.101669796,-0.18403144,0.24669193,-0.017916283,0.004483319,-0.0022153512,0.06979856
ASV 9,0.10998095,0.14799918,-0.018772464,0.09338073,-0.13072121,-0.13501085,0.12774958,0.00020919686,-0.033504788,-0.17787346,0.104791805,0.04169113,-0.013690237,-0.061378762,0.18756317,-0.07026196,-0.20957561,-0.009169666,-0.016384186,-0.26705268,-0.09820832,-0.15363401,0.22351119,-0.010386369,0.008458658,0.06012503,0.124531284
ASV 10,0.10608533,0.19055031,-0.028606048,0.07928095,-0.097908214,-0.14493819,0.11503855,-0.030920453,0.045568038,-0.065986335,0.09131941,-0.028742576,0.029717486,-0.012388245,0.17634785,-0.027434222,-0.24884383,0.044237815,0.0092634745,-0.21484639,-0.11595522,-0.18341911,0.22217067,-0.0023841087,0.045292046,0.054109912,0.059814867
ASV 11,0.113398746,0.16209942,-0.01814979,0.1056113,-0.10958318,-0.13431002,0.15425603,0.03418301,-0.045901533,-0.16798583,0.07977758,0.006856045,0.017618097,-0.063357875,0.1893783,-0.06878541,-0.19965816,-0.016845217,0.008826698,-0.2903546,-0.10006155,-0.1452927,0.21414217,0.005015938,0.022106979,0.0368399,0.121749416
ASV 12,0.12335848,0.16396964,-0.018817889,0.09078768,-0.12927873,-0.13571368,0.16353317,0.037503645,-0.0022302272,-0.16416702,0.12768023,0.056727998,0.0049960264,-0.073674746,0.19381817,-0.03146049,-0.17815043,-0.02829409,-0.010981658,-0.29776222,-0.13226458,-0.12544462,0.23387106,-0.027789505,0.009510951,0.006790024,0.09313943
ASV 13,0.10856779,0.13966659,-0.015289021,0.09852989,-0.13794938,-0.117250785,0.13781555,0.021815965,-0.01995072,-0.18105853,0.08051753,0.0354899,0.008916997,-0.06652907,0.18636867,-0.0453125,-0.17147493,0.020208307,-0.02210211,-0.30071992,-0.098064445,-0.1467068,0.24212138,-0.0002475475,0.036908194,0.065230146,0.10781593
ASV 14,0.12685083,0.16618392,-0.020428902,0.090814315,-0.0961978,-0.12725955,0.15542838,0.029719902,-0.020858506,-0.16093929,0.10513167,0.030771045,-0.020553827,-0.08611363,0.14781234,-0.0645223,-0.17898345,0.024071084,-0.018787552,-0.28198874,-0.13762146,-0.17772166,0.1979477,-0.047002077,-0.01186729,0.035634216,0.12335356
ASV 17,0.11379624,0.14565,-0.06359312,0.099130355,-0.11897657,-0.13906354,0.14909975,0.06136535,-0.0144947525,-0.1670477,0.12522036,0.013033926,-0.003234965,-0.079064205,0.16507208,-0.07116146,-0.16019456,-0.0018201277,-0.021654187,-0.2731217,-0.12645258,-0.18515225,0.22027454,-0.025965957,-0.00017370771,0.016660938,0.13518453
ASV 19,0.11302602,0.14323068,-0.07078697,0.09328714,-0.106963575,-0.16301599,0.12668087,-0.016876904,-0.015607022,-0.058836352,0.053025812,-0.024426794,0.038529493,-0.020242618,0.21431929,-0.0620241,-0.20692912,0.0003437683,0.023919884,-0.24275407,-0.0772265,-0.13524607,0.26868337,0.04824326,0.078178726,0.007653285,0.10598994
ASV 23,0.028599035,0.15909034,-0.074402146,0.030856134,-0.11087659,-0.049653664,0.21737792,-0.020626586,0.048540376,0.0026850135,0.121786915,0.0015906314,-0.023556476,-0.00046420458,0.14501023,-0.10149771,-0.12178087,0.18530607,0.17151925,-0.27314502,-0.05356202,-0.0927468,0.22975895,-0.022250788,-0.06762865,0.027989982,0.0221715
ASV 25,0.04955096,0.13535391,-0.1571287,0.06895453,-0.21544129,-0.018383496,0.16907182,-0.04461086,-0.012727977,-0.03270712,0.08291947,0.015681075,-0.040859997,0.053130966,0.10119822,-0.13805692,-0.21495174,0.14428852,0.21315682,-0.23904945,-0.08945997,-0.13348345,0.3659788,0.0686844,-0.15038663,0.001184951,-0.0033541734
ASV 26,0.09316015,0.14153948,-0.13898835,0.070667215,-0.1663382,-0.03435512,0.1498765,-0.005308901,0.03746688,-0.06903717,0.14768356,0.0131772505,-0.07244218,-0.017979497,0.08280055,-0.17992644,-0.23822942,0.18540578,0.18374494,-0.23544888,-0.020811297,-0.06136268,0.34938782,0.07701218,-0.07946825,-0.021352634,-0.03635714
ASV 27,0.029548906,0.13656281,-0.16112435,0.09702043,-0.17401984,0.0023805457,0.15387805,-0.051178906,0.048704274,-0.0067005167,0.11757582,0.021102762,-0.09506791,0.03213736,0.07908257,-0.12676881,-0.23172048,0.19358313,0.16529492,-0.26949447,-0.088807665,-0.1113346,0.34631172,0.013779264,-0.07820491,-0.00896334,-0.012270355
ASV 28,0.038879424,0.16426712,-0.11267719,0.10446874,-0.22138579,-0.030547533,0.20026128,-0.040669806,-0.012263455,-0.01715716,0.08582866,-0.009535644,-0.03851994,0.016234003,0.07253297,-0.09440299,-0.25559777,0.21502863,0.16478941,-0.24475855,-0.044273626,-0.09604104,0.35176405,0.02438645,-0.12607948,0.035514187,-0.033156402
ASV 30,0.03435271,0.13751,-0.12642287,0.1167506,-0.17017879,0.031314384,0.2031296,-0.029395651,0.028944595,-0.06070386,0.13846868,0.042953975,-0.044191185,0.026176618,0.119638465,-0.14271004,-0.21209978,0.16339646,0.19509873,-0.25417292,-0.07141025,-0.09695365,0.3289206,0.05498923,-0.13545081,0.023532245,-0.040574044
ASV 32,0.058049988,0.14968301,-0.1484615,0.0711524,-0.18513328,0.0141856745,0.14521585,-0.06730026,0.04321998,-0.028873831,0.1203257,0.045804996,-0.0512969,0.020956535,0.13062757,-0.1208434,-0.21689375,0.18628985,0.21273626,-0.25717285,-0.055060636,-0.0988703,0.34145382,0.00788953,-0.08371288,0.007117704,-0.02576352
ASV 33,0.039822865,0.1443078,-0.18015063,0.11237955,-0.21753624,0.018315593,0.18228541,0.0030552861,0.0010063912,-0.037037976,0.11901011,-0.014954622,-0.060794,0.00977363,0.07621952,-0.112503454,-0.2222643,0.16495167,0.1816862,-0.25810885,-0.042214897,-0.12230776,0.3567834,0.026352268,-0.14467423,-0.000100698395,-0.0075867376
ASV 38,0.03793293,0.18222323,-0.09782054,0.03862956,-0.108943194,-0.07968369,0.17099817,-0.01424682,0.0048423717,-0.06392654,0.094331406,0.057677224,-0.06990871,-0.023968332,0.08699599,-0.13719758,-0.18505469,0.15524998,0.16733134,-0.22510988,-0.005606516,-0.13876957,0.2554002,0.010862177,-0.116103955,-0.034219403,-0.026732275
ASV 42,0.17963682,0.13014276,-0.05556602,0.033824414,-0.015292226,-0.039500147,0.09786232,-0.0034315132,0.10799097,-0.0029383048,0.008809385,0.007596706,-0.05031345,-0.028759982,0.0972878,-0.015051314,-0.17234144,0.03698518,0.13367614,-0.2688285,-0.16995016,-0.09740231,0.17464976,0.052076224,-0.1051083,0.063666515,0.09333009
ASV 43,0.14512904,0.17070766,-0.03768992,-0.02159863,-0.016887758,-0.0823985,0.1915451,0.022476882,0.0439688,-0.022512596,0.035788305,-0.011100354,-0.055618897,-0.06481214,0.10808016,-0.026210573,-0.15708297,0.05490109,0.16134301,-0.23891684,-0.17437649,-0.055323347,0.14680336,0.06331919,-0.09523349,-0.012056519,0.11384995
ASV 52,-0.09742302,-0.002074405,0.038551036,-0.10095418,-0.1423242,0.066858396,-0.020036677,0.17933139,-0.05261429,0.13390501,0.14894545,0.04279696,0.008941168,0.0318346,0.121121965,-0.039833978,-0.1639303,-0.031137612,-0.028289288,-0.095912136,0.0321995,0.0539969,-0.04101321,0.1484311,-0.04342,0.0675985,-0.019491745
ASV 54,-0.0063803014,0.052294053,0.031091822,-0.1436621,-0.094743684,-0.012560954,0.0069058696,0.21496376,0.010321167,0.1613972,0.1200791,-0.01598052,-0.031742364,-0.000635714,0.113133736,0.023300823,-0.09492117,-0.064057454,-0.05883492,-0.1790901,0.08166709,-0.03097649,-0.13045628,0.07684023,-0.13258913,0.08531849,0.016863529
ASV 55,-0.03019308,0.037479773,0.044841766,-0.09128225,-0.09104296,-0.0063928356,-0.05899791,0.20449413,-0.034357093,0.09545153,0.09739509,0.018317942,-0.03793584,0.0021021334,0.08445019,0.002382264,-0.15979885,-0.029949266,-0.08552254,-0.15518866,0.07561069,-0.048042614,-0.12017458,0.054620914,-0.12699623,0.10590207,0.008681505
ASV 56,-0.023049092,-0.02155681,0.0011375718,-0.1041529,-0.10938197,-0.016309746,-0.05206336,0.20035058,-0.043710217,0.13827585,0.09988063,-0.024558453,0.005943311,-0.024451055,0.10105216,-0.033595674,-0.14656703,-0.029924303,-0.09640625,-0.1521631,0.06068705,-0.043269932,-0.09951539,0.049853586,-0.11678762,0.0967343,0.010592609
ASV 57,-0.015612977,-0.032638513,0.022006612,-0.1309508,-0.09057893,-0.032214645,-0.004073906,0.19523562,0.024699947,0.12599927,0.09064065,0.0040137805,-0.03657013,-0.056047376,0.08036976,-0.0003362907,-0.11953355,0.00721911,-0.0782591,-0.15251431,0.030003276,0.0145172095,-0.067078635,0.09354267,-0.11651288,0.067502394,-0.00998162
ASV 59,-0.04125032,-0.0015121762,-0.024383001,-0.14804788,-0.09879888,0.11447553,-0.083751395,0.14935547,-0.017459128,0.07415921,0.10066967,0.08224345,-0.058507144,-0.0436761,0.15828024,0.004531413,-0.13379835,0.05113145,-0.09372764,-0.12919484,0.019695247,-0.042775113,-0.07805557,0.14373727,-0.016354565,0.05170907,-0.033695977
ASV 60,-0.012817053,0.00543516,-0.043321718,-0.11610776,-0.081048556,0.10984808,-0.11089058,0.19940612,0.0030267406,0.11966478,0.12299103,0.071144685,-0.06946901,-0.07331702,0.1319575,0.0046500857,-0.13254401,0.03910869,-0.11574562,-0.16076638,0.035947595,-0.03380437,-0.067863055,0.13409084,0.028943272,0.019276436,-0.03226157
ASV 61,-0.047973715,-0.011409994,-0.049752448,-0.13983452,-0.049717486,0.061843816,-0.10883474,0.20868026,0.021847837,0.07366392,0.11261225,0.08563521,0.00094748405,-0.062447246,0.15559332,-0.037546955,-0.13330202,0.016781166,-0.026443545,-0.13755478,-0.024915168,-0.06411218,-0.104751155,0.119269036,-0.024882216,0.011544892,-0.062319763
ASV 62,-0.028624337,-0.054439444,-0.0045272605,-0.1177241,-0.08086206,0.10772736,-0.051790785,0.22103925,-0.010935519,0.15006652,0.024344841,0.121263795,-0.090329364,-0.08159664,0.1636875,0.028407358,-0.10406262,0.07270065,-0.091577485,-0.21609512,-0.054392613,0.019324897,-0.10247605,0.15376225,-0.020626877,0.035839275,0.0050767744
ASV 63,-0.043811392,-0.0027868017,-0.006876683,-0.1614405,-0.10350825,0.10654532,-0.07102337,0.1552422,0.0063904487,0.116410926,0.078708336,0.085390024,-0.062307667,-0.021118907,0.16151127,-0.031388655,-0.12767062,0.051303484,-0.07110798,-0.13921607,0.01023459,-0.011118696,-0.077008046,0.15405093,0.037211165,0.059382346,-0.00085964764
ASV 64,-0.036821336,-0.062436875,-0.024102109,-0.14011748,-0.07891522,0.043806504,-0.09870601,0.18325439,-0.03436737,0.104876384,0.046312265,0.13837872,-0.05068609,0.006312162,0.19544618,-0.03733251,-0.07468365,0.025906026,-0.07431133,-0.19020699,-0.024575515,-0.014487467,-0.09082144,0.19612756,-0.05634974,0.06254025,-0.0014807781
ASV 66,-0.03735179,-0.0023999652,0.009547628,-0.14286089,-0.040614825,-0.016921068,-0.08531367,0.10707785,-0.058340505,0.101392046,0.049208134,0.046050787,-0.059664607,-0.054659463,0.1449969,0.0035378935,-0.14759925,0.07149608,-0.07038696,-0.15742445,0.043962147,-0.00043071044,-0.054951176,0.13900004,0.0034381603,0.027577486,-0.017882632
ASV 67,-0.24359803,0.075724095,0.15505971,-0.06724197,0.2441071,0.12789199,-0.13317208,-0.111055546,0.20840006,0.007379815,-0.12757923,-0.0028438119,0.29947436,-0.08196032,-0.060874708,-0.0398342,-0.05793333,0.031771895,-0.26210755,-0.044140473,0.14276706,0.07075291,0.07579755,0.10811997,-0.23348996,-0.255814,0.27629238
ASV 68,-0.23851676,0.09566393,0.11915257,-0.081412286,0.21761316,0.14265491,-0.15879484,-0.12542927,0.16235095,-0.001050025,-0.08698205,0.034854572,0.27532136,-0.022568654,-0.05878008,-0.059451275,-0.03388095,0.022101117,-0.20174693,-0.026963077,0.14890489,0.06972378,0.08541515,0.09306103,-0.24405977,-0.2010504,0.30232665
ASV 72,-0.21074325,0.08766098,0.12717724,-0.12859114,0.2172002,0.1711216,-0.19944975,-0.12208095,0.26071987,-0.07464058,-0.09362911,-0.011685105,0.2803484,-0.002512049,-0.077136554,-0.08294535,-0.07852639,0.052598167,-0.20438561,-0.014104297,0.122245,0.05672765,0.06621272,0.024949761,-0.23388414,-0.2117027,0.28386644
ASV 73,-0.23125017,0.06187159,0.10901485,-0.08569196,0.23464912,0.1195426,-0.15767579,-0.121698394,0.17499569,0.011739415,-0.06834398,-0.009760663,0.27485332,-0.042479888,-0.038335524,-0.058737524,-0.05649308,0.008443876,-0.20788081,-0.0025880889,0.12033901,0.049134556,0.10420076,0.08561236,-0.23259926,-0.2307358,0.2909657
ASV 74,-0.22776295,0.07760632,0.1493767,-0.079517476,0.21326296,0.12556641,-0.14020425,-0.122570165,0.19392714,0.011063387,-0.11576927,-0.0013739598,0.2811401,-0.060886145,-0.096718594,-0.038614906,-0.055908494,0.0128368195,-0.23838781,-0.03563273,0.15428694,0.099071346,0.096667364,0.10224601,-0.25795686,-0.23364572,0.30500147
ASV 76,-0.2355704,0.10132147,0.1487141,-0.090193406,0.23064424,0.102882884,-0.12558478,-0.12827602,0.17797454,0.0050744074,-0.1147529,0.01335602,0.2690432,-0.05144522,-0.08525228,-0.05559595,-0.047761705,0.042951737,-0.24246013,-0.022522157,0.15832075,0.08710063,0.08346527,0.09107175,-0.24231033,-0.25289443,0.3010346
ASV 77,-0.2377343,0.069703594,0.13793594,-0.051314775,0.23990662,0.11353682,-0.15805462,-0.114600144,0.1629767,-0.002992032,-0.08292886,0.01937254,0.28341088,-0.06518656,-0.085959755,-0.07897631,-0.07635178,0.05373575,-0.2485847,-0.013447923,0.10911182,0.079488374,0.091795415,0.06830459,-0.21322563,-0.23614655,0.2944096
ASV 80,-0.17826699,0.07869967,0.11111538,-0.076377444,0.21943325,0.109901,-0.16282597,-0.06892364,0.21310209,-0.06335817,-0.068996325,-0.004371913,0.2896031,-0.045348063,-0.07427287,-0.077832066,-0.040951315,0.047738865,-0.18732458,-0.000603042,0.15264189,0.07910768,0.08866474,0.074064516,-0.24994396,-0.20969911,0.29195467
ASV 82,-0.24736342,0.08341486,0.14729671,-0.08492767,0.22327821,0.13529134,-0.14586702,-0.110814385,0.1542753,-0.015444168,-0.10522673,0.012874684,0.26676476,-0.080543086,-0.09796276,-0.038031735,-0.051912088,0.016337577,-0.2616884,-0.03601216,0.16275024,0.09305817,0.10737212,0.083935685,-0.26727635,-0.2627115,0.29900897
ASV 91,-0.22323503,0.054135535,0.10940312,-0.10433104,0.1946167,0.12254786,-0.149978,-0.1299826,0.18150336,-0.01521568,-0.103829235,0.008199812,0.29226905,-0.022935411,-0.035824265,-0.069315545,-0.04254113,0.029418802,-0.22710761,0.0014764945,0.13517201,0.048303287,0.106944785,0.09419012,-0.23982494,-0.22640458,0.27060115
ASV 92,-0.21781804,0.078829944,0.16284296,-0.07684057,0.241318,0.13316652,-0.13570817,-0.1234152,0.18175662,-0.00644725,-0.121319935,0.0109603815,0.280842,-0.0876022,-0.10721423,-0.06508975,-0.049046077,0.029905315,-0.24231407,-0.027698025,0.15124343,0.08354987,0.106939204,0.11289825,-0.2555731,-0.2273513,0.29973143
ASV 93,-0.22552446,0.056871343,0.131578,-0.08321029,0.22255978,0.1227971,-0.13074252,-0.13542536,0.19718762,0.0019528206,-0.10667076,0.03231116,0.26161036,-0.030482717,-0.03212238,-0.071226224,-0.05547625,0.047070675,-0.21208884,0.0023632725,0.13492635,0.07949573,0.103096604,0.09547834,-0.2289161,-0.20071481,0.2830697
ASV 94,-0.18398677,0.084499136,0.099103004,-0.08765363,0.23666209,0.1195903,-0.2116219,-0.13812609,0.22360255,-0.070457436,-0.04346163,0.019801246,0.28744617,-0.015519366,-0.08201767,-0.050719082,-0.060572524,0.01878241,-0.23050845,-0.008891619,0.12418153,0.06977015,0.10700466,0.067043774,-0.24175827,-0.19821572,0.2683108
ASV 95,-0.25070477,0.09018224,0.1471139,-0.07518542,0.21606256,0.14701411,-0.14406407,-0.11414699,0.17574023,0.0050207432,-0.10442769,0.024162913,0.27341133,-0.06552719,-0.083502404,-0.031111356,-0.069524884,0.017508164,-0.25347814,-0.029546302,0.14660151,0.10471225,0.09092009,0.089365,-0.2639356,-0.25498003,0.28798187
ASV 96,-0.23084794,0.046092875,0.109104745,-0.14177713,0.18499658,0.06719983,-0.08790098,-0.10357752,0.26270312,-0.022131853,0.0023029274,0.07288926,0.20917581,-0.052432064,-0.05830574,-0.08789486,-0.040113457,0.11720203,-0.2417146,0.05990135,0.13476881,0.088325776,0.08231936,-0.006343594,-0.28043342,-0.19784324,0.23839472
ASV 97,-0.24822706,0.08235614,0.09311712,-0.09266194,0.1509638,0.09273472,-0.09594431,-0.120012306,0.24896742,0.058446657,-0.027090788,0.081598625,0.26741952,-0.09328727,-0.056768786,-0.035623267,-0.033241596,0.02790032,-0.21011442,0.044290856,0.13698034,-0.012717735,0.08067729,-0.045139436,-0.28177154,-0.20856144,0.25106028
ASV 100,-0.18756978,0.14254059,0.13785712,-0.15151963,0.15010266,0.0029559063,-0.06713341,-0.09174846,0.17172128,0.0033036165,0.019795189,0.07461796,0.30987576,-0.12050856,0.07094933,-0.010151702,-0.062217806,0.10935744,-0.093730465,0.103413776,0.18208358,0.14781578,0.043798998,-0.0666938,-0.10136839,-0.06714092,0.31289172
ASV 101,-0.17909382,0.06960267,0.07338862,-0.17746171,0.20039122,-0.0041545,-0.13712798,-0.0975626,0.15262437,-0.04793926,0.06309598,0.057183404,0.34122205,-0.14988744,0.07048776,0.033380203,-0.016040536,0.09335013,-0.07798123,0.055206526,0.123929925,0.1549613,0.12741743,-0.07065806,-0.10242392,-0.14091748,0.23581374
ASV 103,-0.19742008,0.1182308,0.10057036,-0.13951455,0.18441126,0.016745592,-0.12089862,-0.04767141,0.12429388,-0.03178428,0.0065876725,0.08534551,0.32711914,-0.13610028,0.08396903,0.057183176,-0.04297601,0.01731894,-0.12414513,0.07441121,0.069317184,0.05978283,0.063138165,-0.08253059,-0.09790423,-0.11715555,0.3016166
ASV 111,-0.32235697,0.07414557,0.123490565,-0.055745147,0.24615347,0.075651705,-0.15684831,-0.10895254,0.24352449,0.09839204,-0.0925489,0.06917747,0.28490746,0.003232664,-0.013217662,-0.047933947,0.023328314,0.11978835,-0.17614998,0.06704687,0.17501794,-0.015455076,0.17405061,0.041827884,-0.28548405,-0.19078949,0.29440454
ASV 120,-0.1878695,0.0739549,-0.009693913,-0.12899965,0.16279504,0.19961415,-0.040389556,0.024096787,0.11595014,0.046658043,-0.010752055,-0.014185649,0.3618751,-0.12533547,-0.004105666,-0.005023473,0.029320346,0.03986405,-0.09668066,0.13833879,0.023303334,0.061292816,0.18576142,0.015418777,-0.08495207,-0.097700894,0.35440385
ASV 121,-0.14533395,0.070072085,0.03618272,-0.1475207,0.113523446,0.17035063,-0.037513755,-0.010705185,0.10844004,-0.034734752,-0.041417502,0.0023797946,0.2777177,-0.11957318,0.00922865,0.045253623,0.01502488,0.073396586,-0.13882849,0.07827212,0.1033422,0.08158785,0.16580908,0.009888794,-0.11231656,-0.0994393,0.27238747
ASV 123,-0.15039533,0.092840135,-0.0078201555,-0.1488062,0.12957017,0.2135953,-0.07138614,0.009970065,0.12107293,0.025485687,0.01842946,0.005749579,0.36053357,-0.10747316,-0.007990072,0.058598943,0.037291765,0.08125039,-0.12959994,0.13314559,0.010995406,0.094414644,0.16601667,0.012072395,-0.14424141,-0.063469715,0.3394887
ASV 124,-0.12162777,0.051739812,-0.010320185,-0.19032589,0.14844325,0.17658867,-0.053085063,-0.057975695,0.18210933,0.040575627,0.014439353,-0.015758552,0.32321393,-0.10328583,0.043402772,0.025008172,0.032577872,0.0664946,-0.16248631,0.08425079,0.032533687,0.0960889,0.1617042,-0.028726554,-0.08875939,-0.09949121,0.28159782
ASV 125,-0.18025509,0.00866228,0.0069928505,-0.18096086,0.13333867,0.1886399,-0.01348533,-0.017864661,0.16811523,0.0013532497,-0.050139617,-0.030862872,0.3594418,-0.14400084,0.04474296,0.049397353,0.0029238688,0.10907548,-0.19548358,0.12831819,-0.008420262,0.06986711,0.16037762,-0.042084724,-0.12652366,-0.063728884,0.28720814
ASV 127,-0.29843095,0.083821066,0.17015125,-0.14763443,0.14272515,0.09747758,-0.07518042,-0.1451317,0.18139736,-0.045816433,0.03593503,-0.01730394,0.28684935,-0.085033715,-0.10563002,-0.08487709,0.007840294,0.05897569,-0.22636011,-0.009216285,0.13385738,0.012346906,0.11558475,-0.0025546858,-0.14274096,-0.17557913,0.26804945
ASV 131,-0.28419936,-0.0013539637,0.14093731,-0.14218672,0.22008927,0.1080227,-0.1199264,-0.13774532,0.11099841,0.042116694,-0.0060535436,-0.045406338,0.24075782,-0.03531275,-0.06726411,-0.07917279,-0.033216674,0.075849466,-0.17649661,-0.06470813,0.078254424,0.11877811,0.10957405,-0.030295089,-0.25790423,-0.14350708,0.2938046
ASV 135,0.051664375,-0.025200099,0.08651567,-0.05895556,-0.04627111,-0.024246968,0.2360778,-0.009016537,-0.11384848,0.08203291,0.14373094,-0.002403092,-0.00085243396,0.10376772,-0.07141924,0.06811717,-0.028304886,0.04932913,-0.047734387,0.016922241,0.1254101,-0.02438064,-0.099675216,-0.048153277,-0.0053354194,-0.027031334,0.0394034
ASV 137,0.10576839,-0.00045790387,0.11463928,-0.056684345,-0.022306671,-0.0747108,0.21933305,-0.01570736,-0.11588473,0.10451973,0.051115993,0.06613919,0.058635492,0.051249944,-0.04861355,0.09507116,-0.015275016,0.012525462,0.013997461,-0.034278978,0.03137416,-0.0036028596,-0.14159474,0.029446045,0.022196313,-0.10070783,0.048021458
ASV 142,0.018509468,-0.26581815,0.064642034,0.0326356,-0.03601388,-0.07701568,0.11387174,0.039410207,0.08219802,0.016012367,0.16625227,0.0294723,0.0084983045,0.13614415,-0.11975495,0.123272516,-0.08410411,0.02534269,-0.0013618447,-0.0014456739,-0.030401766,-0.020300416,-0.03933673,0.058289714,0.14527173,-0.07260519,0.050203305
ASV 145,0.07674464,-0.18972474,0.038212433,-0.023973757,-0.02986607,-0.027777731,0.074228875,0.038648136,0.03256232,0.030726887,0.108195424,0.0410223,0.05323432,0.075765625,-0.14017999,0.062181048,-0.058830798,-0.019536456,0.04663585,-0.017427042,0.049797546,-0.0908259,-0.022287935,0.015122853,0.034052286,-0.082094945,-0.02198431
ASV 146,0.09241695,-0.18407439,0.011733688,0.005005834,-0.007719027,0.038906336,0.113651685,0.02830651,0.0014279014,0.0068115536,0.10033763,-0.017272921,0.030975778,0.04530241,-0.10751162,0.07958256,-0.108018786,-0.0362337,0.031787563,0.0011211128,0.068164825,-0.05207929,-0.037562944,-0.013314352,0.05573643,-0.050689686,0.044132076
ASV 154,0.029322777,-0.20089845,-0.08692959,-0.05984738,-0.11481272,-0.000503903,0.12889256,0.058930922,-0.12903643,0.04754203,0.0034200023,-0.030133301,0.095747866,0.04599402,-0.09207094,0.2340639,-0.15476209,0.08480408,0.009165986,0.072739705,0.1093053,-0.13360961,-0.0614756,-0.06431409,0.08610027,-0.18091762,-0.07744219
ASV 155,0.12606081,-0.33402118,-0.16953363,-0.1127798,-0.077532895,-0.016468607,0.10386838,0.07574064,0.039850518,0.045745015,-0.05981481,-0.05001871,-0.0726938,0.16119857,-0.12803985,0.12188064,-0.1724099,0.0063991607,0.080474794,0.092003256,0.18666786,-0.031909104,0.029147366,0.11446616,0.10433811,-0.20120871,-0.048031624
ASV 168,0.036337364,-0.31471688,-0.11755418,-0.13226649,-0.03175775,-0.07917244,0.092626475,0.08114119,-0.03556274,-0.054000575,0.15510818,-0.053004712,0.03967539,0.13610476,0.00034652613,0.0789238,-0.08765645,-0.053269133,0.09075931,0.08717218,0.07683389,-0.0416301,-0.0401578,-0.005998427,0.013453168,-0.10056557,0.034066733
ASV 169,0.086753964,0.058998156,0.03555783,0.1016523,-0.089270875,0.0426592,-0.09050354,0.05975321,-0.08815654,-0.039856285,-0.103285246,-0.18617222,-0.084486,-0.064975314,-0.05130316,0.0019721126,0.19536999,0.015511464,0.049296815,0.05833619,0.003744234,0.04743278,-0.05917128,-0.022407956,0.021049816,-0.02608039,-0.15490112
ASV 174,0.07721933,-0.20956084,0.0036023774,-0.08770629,0.017983055,0.00844986,0.16674414,-0.021366945,-0.039219838,-0.032590333,0.08764069,-0.10333337,-0.020739097,0.054455202,-0.03597886,0.20128433,-0.14899458,0.050390527,0.0009243682,0.06610646,0.07576948,-0.034007374,-0.021749796,0.08448861,0.0514448,-0.058038715,-0.021269212
ASV 177,0.07268748,-0.23177575,0.029787662,0.033927236,0.0115659,-0.08116165,0.1757641,0.09783733,-0.082137115,0.11359574,0.027888367,-0.032070052,0.08312357,0.0058683995,-0.036922265,0.22967109,-0.15819459,0.110759325,0.1346617,0.079602376,0.19206503,0.016158193,-0.023926271,0.11779996,0.032700587,-0.093413554,-0.097460836
ASV 183,0.08616383,-0.18845797,0.07716647,0.046516642,0.055103894,0.0155792385,0.08932147,-0.024078483,-0.042087577,0.058129214,0.0473641,0.07140325,0.004438512,0.04556804,-0.10629707,0.21266489,-0.10961634,-0.026510363,0.045049544,-0.022935564,0.035731096,-0.13505864,-0.029657375,-0.001230565,0.09247249,-0.056141768,0.031525686
ASV 188,0.03159678,-0.27948084,0.090272985,-0.034914702,0.064906515,0.006384267,0.09675658,-0.067054436,-0.003440146,-0.00677119,0.11110622,0.09799342,-0.024657506,0.071606345,-0.10203114,0.15355258,-0.09270454,-0.028995795,0.16769761,-0.0662612,0.07335065,-0.15279235,-0.10783003,-0.005533954,0.093810685,-0.07708509,0.0021684803
ASV 189,0.046001747,-0.26340482,0.08027226,-0.0055647474,0.01853753,0.0216889,0.07036282,-0.038252216,-0.0326394,-0.029677136,0.06437617,0.09955557,0.028520757,0.05850743,-0.103359416,0.12995985,-0.08129668,-0.035971496,0.16188714,-0.05334543,0.122889176,-0.18286203,-0.10053919,0.018386312,0.13951193,-0.04385242,0.038198166
ASV 191,0.01809273,-0.26428837,0.0575996,-0.0259415,0.022090014,0.043728374,0.09120045,-0.024406878,-0.023720842,-0.029341957,0.098040394,0.11093981,0.011844106,0.07281552,-0.09021948,0.13982084,-0.07457815,-0.029855466,0.18544604,-0.030171,0.09927749,-0.17551263,-0.104840726,-0.00743397,0.14043462,-0.07662398,0.040242475
ASV 193,0.058830775,-0.27831247,0.052119233,-0.01153561,0.025877055,-0.006201294,0.07239734,-0.039972942,-0.030504161,-0.047494885,0.047871623,0.108602636,-0.011692174,0.051827814,-0.10617896,0.16583426,-0.07954789,-0.039810814,0.14299276,-0.04946627,0.118287235,-0.18156765,-0.090284996,0.013439045,0.082476206,-0.06417895,0.041752655
ASV 194,0.08007497,-0.29072386,0.0812144,0.045690555,0.051806174,0.037599858,0.057211746,-0.035674192,-0.054943286,-0.024169883,0.11260556,0.10119258,0.020072324,0.04778675,-0.098577455,0.114267886,-0.13570158,-0.035300016,0.1542805,-0.029619027,0.1336956,-0.08514179,-0.060713325,-0.029315064,0.11636925,-0.025880704,0.03279589
ASV 197,0.08028707,-0.2838017,0.08330417,-0.008885578,0.027229607,-0.004429943,0.05752242,-0.046074897,0.0059552197,-0.011105063,0.08325753,0.12638071,-0.052998394,0.07202991,-0.15972723,0.21047737,-0.10002242,-0.033620257,0.15523072,-0.0075630695,0.11790566,-0.22027682,-0.08046363,-0.0016206808,0.10569163,-0.019721562,0.06637319
ASV 198,0.09021913,-0.3042322,0.0622255,-0.010894835,0.01682594,0.006390637,0.06910545,-0.03561748,-0.015688391,-0.076319374,0.07596728,0.12297752,-0.03155189,0.052085847,-0.0862824,0.11691387,-0.13506064,-0.026385399,0.11004729,0.008525159,0.098881796,-0.092078246,-0.058017675,0.009610068,0.12636423,-0.07373403,0.053603154
ASV 199,0.04314158,-0.32039347,0.08852811,-0.0073157325,0.022322528,0.016733093,0.09589747,-0.016071225,-0.022590777,-0.047183223,0.04419352,0.12653197,-0.020750942,0.08535914,-0.14373226,0.17827272,-0.076374404,-0.013689227,0.17147464,-0.038963474,0.07329239,-0.19633135,-0.09613288,-0.026214646,0.07419631,-0.043909248,0.052441895
ASV 200,0.060350712,-0.2785206,0.09394008,-0.025660707,0.010751455,0.018749356,0.06338231,-0.044676993,-0.007217881,-0.047898665,0.07401085,0.106624305,0.021803664,0.055072416,-0.11941312,0.14541423,-0.08248757,-0.045082085,0.16466704,-0.05280802,0.12072597,-0.18000807,-0.092858344,0.015270085,0.15461539,-0.02815155,0.03604548
ASV 201,0.05237524,-0.28568947,0.050688934,0.013395438,0.02854376,0.013358298,0.10216879,-0.03424273,-0.03313229,-0.012917637,0.11041053,0.1441122,-0.0050348868,0.033786476,-0.06875482,0.16721573,-0.045287732,0.0023556969,0.16365615,-0.017786756,0.15214533,-0.096070535,-0.036799517,0.01267673,0.08730135,-0.031945758,0.045665
ASV 202,0.029711327,-0.2512863,0.070452966,0.0028639848,0.05758793,0.0041474444,0.08842371,-0.0434924,-0.026651226,-0.054521542,0.09353628,0.08979892,0.02021296,0.095951974,-0.06396766,0.17905597,-0.073478125,-0.043674957,0.15530108,-0.053430434,0.120081045,-0.16803768,-0.10050539,0.016459811,0.095962204,-0.052484173,0.011833467
ASV 204,0.037861533,-0.27374765,0.06796172,-0.012083534,0.019968031,0.034071025,0.066893876,-0.023147374,-0.021775972,-0.05065971,0.08865476,0.095199846,0.024015889,0.04731072,-0.10929249,0.12902024,-0.08809523,-0.037387397,0.16168508,-0.043687664,0.118093766,-0.18366195,-0.100149244,0.010328245,0.14029399,-0.04657845,0.029272173
ASV 205,0.040345736,-0.27098566,0.092683874,0.0031829323,0.009454443,0.007679666,0.07886959,-0.021442225,-0.0015012202,-0.036663443,0.08000724,0.12267003,0.015495651,0.0749507,-0.12143026,0.11913984,-0.08362876,-0.047533028,0.16902147,-0.0417231,0.13815892,-0.19166328,-0.10953889,0.009327818,0.1522202,-0.046457604,0.042033643
ASV 208,0.039791156,-0.2617184,0.059757758,-0.0015470046,0.020702174,0.026714208,0.08787843,-0.024189265,-0.03937773,-0.008240727,0.09606892,0.12372714,0.0051993374,0.035240516,-0.07547618,0.15277402,-0.079858385,-0.004802771,0.15459687,0.0016796314,0.114158094,-0.103733,-0.03264986,-0.009967491,0.10728007,-0.02671045,0.051839843
ASV 209,0.051649857,-0.28037742,0.051970817,0.01762105,0.07266399,-0.013658444,0.10300029,-0.025887826,-0.047714412,-0.0066653485,0.080886796,0.1475148,-0.028614836,0.029755194,-0.06474794,0.18187211,-0.04887814,-0.020310214,0.16592807,-0.023271414,0.1510908,-0.13388048,-0.03837504,0.031393122,0.06629342,-0.049259588,0.038272396
ASV 210,0.048325535,0.015331244,-0.124112844,-0.018350849,-0.051324338,-0.04685474,0.1203834,-0.026752604,0.08789612,-0.032374706,-0.071590014,0.023446262,-0.008493372,-0.015201143,-0.019155668,-0.043812614,0.08261239,-0.08678955,-0.10946969,-0.006433203,-0.02597312,0.09295024,-0.12375658,-0.048509445,0.099934556,0.011446517,-0.08812455
ASV 211,0.07321573,0.09676864,-0.06012404,0.05300027,0.05540669,0.03325493,0.044091545,-0.095830545,-0.03893246,0.02140613,0.01683582,0.06022366,-0.07504978,-0.09606072,-0.027215727,0.10647312,0.109948024,-0.098546766,-0.06305639,-0.043929365,0.005903119,0.0966592,-0.07240252,0.051585972,0.068695374,0.13867868,-0.038231112
ASV 212,-0.09002259,0.011434201,-0.1902476,0.024551524,0.055501793,-0.039944425,0.07111449,-0.10241495,0.0012954831,0.07350538,0.009307619,-0.04445585,-0.03448854,-0.03540798,-0.057355504,0.014017471,0.054642946,-0.13592066,-0.054195236,0.014723824,-0.031187175,-0.024845641,-0.057301078,-0.034394976,0.02209731,0.11923522,-0.13825682
ASV 217,-0.10542367,-0.09903011,-0.043356027,0.0064080767,-0.083933234,0.031970654,-0.0064018797,0.06311195,-0.073529884,-0.03414257,-0.001560176,0.10394475,0.0633947,-0.08514822,-0.12077096,-0.10525183,0.059509322,0.13758668,0.097270966,-0.025909733,-0.23506445,0.1137087,-0.067477666,-0.0656395,0.12293959,0.0041748476,-0.041815992
ASV 219,0.017282054,-0.01669896,-0.086436935,0.02203959,-0.07387784,0.04484417,-0.04296297,-0.050774954,-0.10981451,-0.04702973,-0.1540149,0.18504766,0.055967182,-0.033637162,0.024070268,0.08531424,-0.044514906,0.055647988,0.065755956,0.0025633513,-0.15398249,0.13239256,-0.08784449,-0.11742167,0.020102313,-0.019754859,-0.07443261
ASV 220,-0.025385357,-0.0758627,-0.11236421,0.003002104,-0.05368142,0.022410449,0.013194516,0.00945358,-0.022226606,0.030386355,-0.13347581,0.064318016,0.05766335,-0.08376765,-0.028015051,-0.05208493,0.003565057,0.08401644,0.083688706,-0.05372285,-0.072254725,0.079291485,-0.07541028,-0.0947691,0.039528985,-0.03672446,-0.08407418
ASV 223,-0.06731531,0.018782679,-0.14052282,0.069630496,-0.016773362,-0.091344886,0.04218778,-0.032924663,-0.10963058,-0.033858348,-0.08528644,0.12937158,0.007217833,-0.05372203,-0.04691714,-0.023356667,0.060165,-0.13707249,-0.0042911037,0.04506261,0.045160454,0.14924915,-0.023119247,0.037393093,0.101049215,0.12668057,-0.09026956
ASV 225,-0.0077476194,-0.0058196955,0.09216154,0.031986117,-0.09375462,0.05649194,0.01568543,-0.08504816,-0.08653192,-0.015651083,0.038373135,-0.16357233,-0.09636471,-0.0045641935,0.087016255,-0.08803005,0.21927191,-0.023829544,0.05107213,0.13200733,-0.04978647,0.055186547,-0.052300908,-0.07942321,0.024359157,0.00763431,-0.14766195
ASV 226,0.005272297,0.03246877,0.047399323,0.060060468,-0.05827255,0.018889122,-0.038734462,-0.01955595,-0.089778155,0.0048936475,0.036213946,-0.09563549,-0.16389698,-0.036641028,0.021054883,-0.064996995,0.19250551,-0.02236298,0.045664016,0.11694385,-0.018523233,0.045421146,-0.02742,-0.009024664,-0.007411267,-0.06862968,-0.13008393
ASV 229,-0.0257555,0.035989515,0.102118455,0.06852385,-0.076762505,0.019855745,0.003592638,-0.08046372,-0.044923224,0.06415925,0.0051866244,-0.104579166,-0.17377792,0.0023859595,0.038457993,-0.052922443,0.17736681,-0.054008625,0.051623825,0.12315364,-0.07680694,0.006753566,-0.05614081,-0.040978946,-0.007933315,-0.084881015,-0.15843351
ASV 230,0.015209075,0.0352999,0.051632836,0.14443924,-0.008882668,-0.10331228,-0.081929706,0.033138514,-0.024228372,0.025809687,-0.062579915,-0.08491323,-0.13939112,-0.04729386,0.066162184,-0.059492268,0.09384141,-0.081623346,0.103101864,0.13698132,-0.004970086,0.027040426,-0.094131656,-0.06495341,0.010087954,-0.012210457,-0.03854844
ASV 234,0.051161285,0.015828053,0.08100899,0.10642036,-0.10491004,0.07472096,-0.049843445,-0.100770235,-0.110972196,-0.0019352997,0.04688155,-0.13473566,-0.21228518,-0.026196754,-0.0101633025,-0.039708484,0.20868567,-0.07943837,-0.008548725,0.13787867,-0.10643123,0.056924134,-0.0006901428,-0.03955119,0.045323987,-0.06921038,-0.08022447
ASV 236,-0.03669022,0.037660208,-0.12827647,0.041625433,0.09427078,-0.024487125,0.10432583,-0.05522383,-0.06195787,0.010811882,-0.086286485,4.5120483e-05,-0.05652598,-0.08601114,-0.15284458,-0.018903485,0.03264898,-0.16620056,0.04250719,-0.029644623,-0.08946228,0.1716113,-0.1155625,-0.013341749,0.072177075,0.20316747,-0.046216432
ASV 237,-0.12313946,0.020494303,-0.23158602,0.059836775,0.082096025,-0.028997567,0.045343913,-0.04073761,-0.0970073,-0.00034530959,-0.009278197,-0.04804085,-0.064767376,-0.017061133,-0.092318065,-0.07598238,-0.084433846,-0.13677262,0.0031622157,0.10694385,-0.06816758,0.10193358,-0.10645776,-0.05535592,0.05936347,0.13042031,-0.08930477
ASV 238,0.05503603,0.064559765,-0.06515483,0.039903875,-0.06855663,0.032665398,0.0066413167,-0.1034533,0.06577602,0.06750356,-0.06357379,0.005206165,-0.06716222,0.01989035,-0.023692396,-0.033033017,-0.041563474,-0.044358034,-0.028198397,0.076172695,0.084974736,0.076505125,-0.042406313,0.048357517,0.12510131,0.11441371,-0.03462261
ASV 239,-0.018973332,0.10417763,0.08197375,0.070558585,-0.081500664,0.011449726,0.054433696,0.04206071,-0.08997382,0.07757237,-0.025350628,0.004733637,0.12258683,-0.093295075,-0.075222045,0.048936296,-0.051621128,0.062279843,0.08293714,0.051161624,0.01814345,0.0945234,-0.06453798,-0.07730787,0.11375026,0.14932422,-0.041298017
ASV 243,0.04050544,0.05393138,0.0016129196,0.10313139,-0.09910843,0.024714636,-0.1288114,-0.008924383,-0.09057098,0.038371403,-0.08753489,-0.1885926,-0.06664435,-0.013932248,0.0013303879,0.030116577,0.1670243,-0.036160916,0.05080553,0.08043556,0.014842576,-0.024550404,-0.034022793,-0.06514084,0.020807512,0.017570809,-0.113268755
ASV 244,0.027232664,-0.009397342,0.061548144,0.009281963,-0.13698316,-0.0064230277,-0.08192077,-0.040912446,-0.09745831,0.063562974,-0.13923104,-0.110202596,-0.09599078,-0.029704561,0.10044772,-0.008371786,0.14989258,-0.078521185,0.14515516,0.17516807,-0.05223901,0.02653253,-0.078868404,-0.118010074,-0.11783783,0.05363504,-0.15280637
ASV 246,0.044070095,0.01995126,0.058803197,0.10688405,-0.04765279,-0.009563519,-0.13166815,-0.004928791,0.036643263,0.05750017,-0.03833388,-0.117533274,-0.14041588,-0.029534182,-0.021880023,0.030467775,0.17658079,-0.021426631,0.018362075,0.033907544,-0.086188674,-0.03495228,-0.089708515,-0.116914816,-0.04156693,0.023643661,-0.15177959
ASV 249,0.053449295,-0.0027665626,-0.064905144,0.08812147,-0.0403011,0.08459679,0.045101594,0.023077896,0.10719545,-0.048807487,-0.098064266,0.032868013,-0.014025321,-0.07938613,0.022960301,0.058339063,0.062268153,0.029086692,-0.014256138,0.1326982,-0.0468092,-0.026392408,-0.048511926,-0.052418634,-0.026230017,0.08865081,-0.15005656
ASV 250,0.08367276,0.059678555,0.01221866,0.1071644,-0.071771994,0.050000444,-0.09390924,0.047370534,-0.103311315,-0.04330481,-0.10225423,-0.19067976,-0.13850987,-0.046025593,-0.039777897,0.051367745,0.17427786,-0.031373344,0.03191523,0.05189782,-0.019332781,0.045438915,-0.068587855,-0.0536152,-0.0192448,-0.032731682,-0.10537093
ASV 252,0.052990578,0.022625964,0.064831346,0.086230546,-0.14898874,0.06189397,-0.11022632,-0.0683245,0.012278455,0.052979767,-0.101357,-0.25515178,-0.061690997,-0.01775335,0.0077868886,-0.053123645,0.09899473,-0.029663565,0.02291806,0.041783087,-0.066221625,0.037404217,-0.14947408,-0.05946881,0.11775479,-0.01567747,-0.18943448
ASV 253,0.013340645,-0.007765008,0.030632395,-0.024401087,-0.02522223,0.02181576,-0.09232758,-0.053130247,-0.065741256,-0.004566761,-0.0870124,-0.15591474,-0.19337583,-0.104371406,0.08195878,0.05763914,0.12033939,-0.029550496,0.0937101,0.10340098,-0.12241029,0.036186866,-0.07256948,-0.10174582,-0.024045518,-0.042195674,-0.15545453
ASV 254,0.052236922,0.06346385,0.082901835,-0.0036595354,-0.019505896,3.8442733e-05,-0.10934109,-0.050394207,-0.03703728,-0.0495314,-0.011789529,-0.19059752,-0.15516661,-0.051920447,0.04801217,0.04072645,0.09450832,0.0046784957,0.08331851,0.16917157,-0.1080359,0.011535443,-0.1044338,-0.054185987,-0.04474958,0.035388455,-0.17278899
ASV 255,0.09957463,0.047876615,-0.042198487,-0.011280738,-0.15002471,0.038264405,-0.08307423,-0.061619185,0.113422036,0.054473978,-0.011760842,-0.01624298,-0.012522987,-0.04440881,-0.07774035,-0.052015226,-0.0013147371,-0.13580805,0.0522137,0.15948671,0.0053860685,-0.072747484,-0.043710228,-0.076328546,-0.01988107,0.09928897,-0.12538795
ASV 256,0.021810232,-0.033507727,0.0283728,0.15551963,-0.012338021,-0.088063605,-0.044697255,0.041132603,-0.021729143,0.0040273303,-0.085807905,-0.095875226,-0.102793135,-0.0697791,0.06962899,-0.039701384,0.15970846,-0.0672333,0.08575653,0.065667994,-0.008204508,0.077822596,-0.050356314,-0.03891697,0.003841165,-0.028914854,-0.068424046
ASV 257,0.020074,-0.006069717,0.044448845,0.17522807,-0.014176118,-0.043780074,-0.07100299,0.03310404,-0.030274196,0.017958213,-0.108136855,-0.100085504,-0.07439158,-0.056787126,0.06294001,-0.07922663,0.12939818,-0.07916714,0.10508377,0.0887442,-0.082530975,0.0060488386,-0.114552334,-0.105935656,0.021627352,-0.00426738,-0.042199023
ASV 258,0.050154824,0.0069566793,0.037227985,0.06396596,-0.023633499,-0.11774277,-0.10092142,0.006097203,0.056297366,-0.055716038,0.012065317,-0.11041242,-0.08674158,-0.083576955,0.09500781,0.008481942,0.17400913,-0.010235328,0.08226858,0.116399296,-0.033586655,0.07848234,-0.059217338,-0.021377418,0.07582767,0.0020822226,-0.10605574
ASV 259,0.038719263,-0.014922482,0.05704115,0.06844699,-0.007156173,-0.13935335,-0.12387348,-0.02358481,-0.025425488,-0.041536313,-0.05001957,-0.13531192,-0.06531442,-0.048338585,0.09529399,-0.06044275,0.13545114,-0.0643618,0.057229266,0.092958264,-0.04312517,0.0039581815,-0.078892544,-0.031305116,0.050402258,0.0062474716,-0.10059181
ASV 260,0.01758503,-0.024293382,0.011559824,0.15325849,-0.058395162,-0.08776046,-0.037805967,0.08237766,-0.002870205,0.010557739,-0.034209684,-0.13639818,-0.07926163,-0.083038084,0.05046918,-0.062366843,0.16053033,-0.055549562,0.052684512,0.10469888,-0.0029780152,0.06272213,-0.06443724,-0.067450866,0.037684828,-0.0298857,-0.0578668
ASV 262,-0.0017021175,-0.0029718976,0.08606716,0.061842464,-0.023759164,-0.1269544,-0.068864286,-0.024814371,0.03611983,-0.015848039,-0.050108355,-0.16023238,-0.106951654,-0.03360717,0.08108479,-0.08037241,0.13039163,-0.01837483,0.054965585,0.10437515,-0.009846523,0.010288164,-0.08395088,-0.0064911256,0.08914658,0.02499692,-0.107046634
ASV 263,0.08099146,-0.02087252,-0.0054490785,0.16376565,0.004290315,-0.06827062,-0.09029722,0.0468447,0.03530443,-0.013621123,-0.053529963,-0.13553295,-0.10091554,-0.07829219,0.07647624,-0.040799208,0.14971726,-0.10859425,0.10728133,0.104005724,-0.054516636,0.075456135,-0.0747156,-0.086529575,0.050156884,-0.005845865,-0.01984588
ASV 264,0.030305726,0.00038960352,0.026103564,0.111909784,-0.06923075,-0.12878893,-0.13612817,0.014829547,-0.035589762,-0.09656195,-0.0475931,-0.1272846,-0.061026294,-0.030422874,0.10720241,-0.09432429,0.15556124,-0.06226951,0.072182186,0.14393729,0.054524433,0.0107283825,-0.07981569,0.013796264,0.058100738,0.000119239296,-0.10984814
ASV 265,0.023296373,-0.07162438,0.04343213,0.06309234,-0.10130075,-0.04301792,-0.058243383,0.008274557,0.00853653,-0.02913105,-0.12430099,-0.06968029,-0.13743073,-0.03219026,0.096842386,-0.07604031,0.1513152,-0.03496804,0.01197608,0.14059716,-0.102279104,0.050257415,-0.05610128,-0.019023726,0.067907356,0.02311561,-0.0237944
ASV 266,0.056557827,-0.047408443,0.12407702,0.099135295,-0.081221,-0.012355757,-0.023645522,-0.021208122,0.10141226,-0.08765069,-0.080980964,-0.06089791,-0.1439901,-0.04911187,0.10603787,-0.06691644,0.22054099,-0.02629579,0.04908669,0.09541875,-0.06790435,0.07602791,-0.12583143,0.0662807,0.030821856,0.08524375,-0.10254835
ASV 269,0.02475365,0.08082635,-0.015222482,0.10186697,-0.078396186,0.009181566,-0.059293177,0.052414175,-0.0070218476,0.012737014,0.00285556,-0.026500395,-0.053151146,0.04087318,0.08265968,0.06813594,0.20620213,-0.12698257,0.04488241,0.10980536,-0.061530523,0.0068753157,-0.06424034,-0.0072597587,-0.018922485,-0.055104207,-0.11346556
ASV 270,0.044651184,-0.04333625,0.1018645,0.12148724,-0.08572181,-0.06459033,-0.04339415,0.020107107,0.0479049,-0.011394597,-0.12689611,-0.15198538,-0.1779029,-0.021392584,0.023290968,-0.046529844,0.07598364,-0.069402,-0.02513924,0.1198725,-0.06388998,0.073987864,-0.06281233,-0.0074945632,0.041930795,0.025966596,-0.06619048
ASV 272,0.0442408,-0.029589262,0.09276269,0.13350126,-0.07868728,0.011442298,-0.04517154,0.000806933,0.059214626,0.005484033,-0.054729465,-0.101897866,-0.10710399,-0.029703263,0.078181446,-0.05757518,0.14739566,-0.071851335,0.01867126,0.12888052,-0.1050264,0.04334117,-0.082060486,0.0446111,0.06736653,0.083906494,-0.036664486
ASV 273,0.0022042792,-0.03618171,0.053974435,0.16033953,-0.07621208,0.024849381,-0.049619727,0.04213028,0.03496262,-0.08392366,-0.11432485,-0.102289595,-0.13299689,0.011229161,0.08667651,-0.0133517,0.16981047,-0.07520122,-0.00962958,0.095212474,-0.11474619,0.033234112,-0.0808415,0.045525327,0.08896455,0.0059127104,-0.055731125
ASV 274,0.032106888,-0.0035841817,0.07546281,0.08996185,-0.10034076,-0.030650133,-0.09023926,-0.000659553,0.020854903,-0.07052102,-0.1353265,-0.04947879,-0.1541781,0.0060661435,0.06245294,0.001469288,0.13574399,-0.046080355,0.017833712,0.1509176,-0.10111117,0.04811935,-0.029607913,0.040625233,0.08896147,0.010914336,-0.050158314
ASV 275,0.01756812,0.08709128,0.009540321,0.11169276,-0.13673496,0.04116725,-0.1171104,-0.031868078,-0.042570878,0.026348315,-0.08410877,-0.047782596,-0.08820011,-0.03354336,0.09365301,0.04079252,0.15042916,0.02154755,0.04753194,0.14535104,-0.01619101,0.009337863,-0.07887788,-0.021216733,0.10876526,-0.054374766,-0.123159505
ASV 276,0.05867317,0.078769684,0.03850147,0.14568815,-0.10894921,0.058741592,-0.098906636,-0.04136415,-0.0059404243,0.041956063,-0.08513423,-0.05379603,-0.12362137,0.0045712837,0.0731047,-0.0070615117,0.08530429,0.036465008,0.0190754,0.15048346,-0.015274425,0.056835502,-0.10822176,-0.08964567,0.06807456,-0.03398008,-0.14165896
ASV 278,-0.028454168,0.0360173,0.06558849,0.1604294,-0.04389445,-0.10834906,-0.11800836,0.029852757,0.018066281,-0.04779978,-0.038314648,-0.046776064,-0.13012129,0.0061304946,0.069344774,-0.03447859,0.15028186,-0.03691763,0.012704235,0.09498423,0.024664676,-0.018257381,-0.085476115,-0.06554441,0.0626577,-0.023937171,-0.12980498
ASV 280,0.017804716,0.017579155,0.100587666,0.1063066,-0.10693931,0.030767364,-0.05680173,-0.088389225,-0.09009314,0.008627647,0.0673489,-0.1190055,-0.18618248,0.031236101,-0.004971035,-0.059977315,0.18831041,-0.073353,0.0023903009,0.14149845,-0.08119046,0.070393234,0.0041226665,-0.03934129,0.033352084,-0.047415663,-0.10015464
ASV 281,0.01592176,0.018365799,0.13878752,0.088320315,-0.13023715,0.008127748,-0.11377028,-0.118136965,-0.09597488,-0.001737497,0.052153043,-0.06399842,-0.13941355,0.0378198,0.008064611,-0.011643891,0.23145823,-0.08595375,0.05802293,0.12718451,-0.12771358,0.06140829,0.0148938885,-0.028793886,0.0131248245,-0.024390414,-0.13864331
ASV 282,0.040362466,-0.017812485,0.11422449,0.10595715,-0.14922595,0.0022495796,-0.07249482,-0.087398596,-0.13005915,0.027001042,0.032427862,-0.10356702,-0.16703834,-0.0128069855,-0.013922535,-0.037431188,0.19218288,-0.07233099,-0.0017823175,0.12757015,-0.08422328,0.111849695,0.0217757,-0.06975976,0.0035739553,-0.06162533,-0.12256571
ASV 283,0.03497168,0.04352906,0.11507207,0.06228129,-0.1126013,0.030312583,-0.05726061,-0.09431844,-0.11206636,0.022259017,0.032677885,-0.08165164,-0.17153776,-0.017789884,0.0069698086,-0.048625622,0.20845622,-0.087893434,0.021740202,0.12691914,-0.067842275,0.05209172,0.0045146877,-0.044586785,0.053605843,-0.06535568,-0.11035448
ASV 284,0.021119306,0.008828843,0.08498598,0.07323288,-0.114363946,0.016011616,-0.09277806,-0.100805975,-0.10571127,0.01964185,0.055271316,-0.097159505,-0.17321235,0.0008957668,0.025601175,-0.015278215,0.2020126,-0.089666456,0.0056740665,0.08924106,-0.11600916,0.08583124,-0.020141892,-0.08646165,0.042934556,-0.074766554,-0.09704635
ASV 286,0.024695098,0.028373169,0.13576467,0.057485286,-0.123894155,0.012564134,-0.066313215,-0.11048726,-0.106968746,0.02171372,0.04020337,-0.086372405,-0.1316507,0.023777483,0.03068971,-0.03927839,0.22868083,-0.09108571,0.051036697,0.08375306,-0.09454311,0.101907656,-0.024726002,-0.03379914,0.03960324,-0.04928803,-0.12585223
ASV 287,0.038634755,-0.008488962,0.0942968,0.10018478,-0.06827505,0.07554361,-0.00988899,-0.06407308,-0.06928651,-0.049598385,0.00029838042,-0.12353393,-0.120884985,-0.00032502503,0.04944177,-0.06547849,0.15523198,-0.05965394,0.015067485,0.088587895,-0.024594896,0.084970266,-0.04948219,-0.055341475,-0.02097368,-0.002664237,-0.15403941
ASV 288,0.00210925,0.028614363,0.11085285,0.14034952,-0.10489577,-0.026282165,-0.049078953,0.06929999,0.030010037,-0.006494891,-0.050496586,-0.030120853,-0.15156001,-0.062605165,0.02977068,-0.044615038,0.18530671,-0.012172446,0.04674908,0.14900902,-0.085444696,0.049191322,-0.0857928,0.007492099,0.101466805,0.04005766,-0.005247522
ASV 289,0.040453125,0.047906805,0.06217922,0.12160639,-0.004357065,0.07345663,-0.064491086,-0.10412565,-0.08282348,-0.015596169,0.0056985277,-0.06832868,-0.16646643,0.0143252425,0.07983376,-0.053502716,0.18915614,-0.04792301,0.06772676,0.08199028,-0.021478299,0.049619745,-0.06787949,0.0087374,-0.00889131,-0.052762564,-0.16190422
ASV 292,0.030838057,-0.017833315,0.032620035,0.16851896,-0.008186967,-0.11446208,-0.056375366,-0.013021039,0.028617827,0.049165662,-0.032006413,-0.15644354,-0.08595285,-0.006982772,0.13572247,0.06516031,0.1761414,-0.034548942,-0.005777013,0.10850772,-0.022503339,0.06488343,-0.024205731,-0.055699635,0.06417482,0.032655243,-0.10403095
ASV 294,0.014942951,-0.040241793,0.020448642,0.15327376,-0.051133454,0.06909385,-0.182693,-0.048328884,-0.09532974,-0.041485272,-0.03816612,-0.12151564,-0.15072808,-0.06415376,0.0803793,-0.014823061,0.13589002,0.045903876,0.016659975,0.12630872,0.019412946,0.018564481,-0.031773854,-0.09663127,0.03149503,0.12224972,-0.12498533
ASV 297,0.09059788,0.054183606,0.011857198,0.103632905,-0.09967167,0.028544772,-0.086552784,0.0628761,-0.069929264,-0.025362588,-0.11974361,-0.19920161,-0.09178679,-0.025433484,-0.0486519,0.016864471,0.21840699,0.032120693,0.032498267,0.08209435,0.0062701497,0.03131894,-0.037412263,-0.025857314,0.0048932997,-0.025197642,-0.16460302
ASV 301,0.01665507,-0.0049361084,-0.019808074,0.08033682,-0.037299983,0.088716306,-0.12945545,0.0027211015,-0.05038107,-0.02594309,0.010540636,-0.12567897,-0.1787248,-0.08585682,0.07453059,0.020476371,0.18593651,-0.041123766,0.045520898,0.091510616,0.010128841,0.00542632,-0.04941988,-0.09075197,-0.00031123942,0.06171948,-0.08465221
ASV 302,0.05613746,0.029995304,-0.0014223001,0.0667781,-0.046003215,0.08079019,-0.12330096,-0.004803433,0.033936083,0.056864366,-0.04660043,-0.075470395,-0.19409172,-0.05802635,0.016224269,-0.018497653,0.20254616,0.013784206,0.13079315,0.084518686,0.0132333515,0.06183238,-0.038154062,-0.06731287,0.018507669,0.029646926,-0.115475304
ASV 303,0.011538429,-0.039689556,-0.0047905575,0.117501624,-0.048994273,0.027068352,-0.16734403,-0.0051577324,-0.010290265,0.032253567,-0.022469439,-0.08985596,-0.18703926,-0.048254844,0.0024382651,-0.029203588,0.15989272,0.04795439,0.04349184,0.08715894,-0.022765124,0.023855595,-0.022204662,-0.10024563,-0.010500809,0.049760178,-0.11537335
ASV 304,0.020291599,0.008435785,0.006192747,0.09269121,-0.08436311,0.082717635,-0.16102701,-0.028477792,0.045216847,0.017980477,-0.02823038,-0.07029758,-0.17587478,-0.017057939,0.030229324,0.019524612,0.18840355,0.04746342,0.101849645,0.086437315,-0.0045492374,0.062191878,-0.046127692,-0.10685113,0.009291038,0.06688643,-0.1413508
ASV 307,-0.042660315,-0.009677411,0.06751509,0.12233226,-0.055707138,0.047917604,-0.15522653,-0.02694316,-0.021157786,-0.012023903,-0.033395935,-0.19490258,-0.10899026,0.037243288,-0.021581046,-0.071755655,0.09006224,0.019394549,0.1049676,0.079015695,-0.12338123,0.02298004,-0.0964972,0.011501057,0.014656295,0.0022158981,-0.20079966
ASV 308,-0.02008278,0.035782415,0.097802825,0.14518279,-0.02712145,-0.14659514,-0.07041138,-0.027711965,-0.012220585,-0.036677588,-0.05458628,-0.09654361,-0.14074486,-0.033614147,0.091361865,0.027057655,0.17726487,0.02780745,0.0014960996,0.07215659,0.013941384,0.00079885265,-0.114365324,-0.05289378,0.044828404,0.030180305,-0.094898745
ASV 309,-0.0054598087,-0.019192757,0.030826276,0.076567866,-0.0717541,-0.008798905,-0.05253657,0.009678333,0.005735765,-0.036529806,-0.10078995,-0.07940012,-0.10822388,-0.013688979,0.078981854,-0.012194463,0.1516352,-0.07530857,0.0716763,0.12053105,-0.091192976,-0.0017024132,-0.053909287,0.026558934,-0.0014253345,0.01503248,-0.051236574
ASV 311,0.022204153,0.02632181,0.080258094,0.1126055,-0.05018104,-0.013267126,-0.05271254,-0.028007464,-0.0045399023,0.013193905,-0.11333172,-0.08102541,-0.12847538,-0.022164477,0.043184277,0.020728497,0.15253958,-0.04150816,0.054378975,0.101897955,-0.02928951,-0.008653221,-0.029136367,0.03982689,0.014171664,0.07019357,-0.052893117
ASV 312,-0.1215601,0.14202067,-0.14622054,0.005688379,0.073163,-0.0958597,0.0620698,-0.08486868,-0.11017129,0.0735793,-0.07564398,-0.00912188,-0.08181949,-0.0092133,-0.10589036,-0.08735494,-0.041292377,-0.07575065,-0.0054059913,0.0643216,0.0033030836,0.052399363,-0.15581815,0.012625809,0.16866104,0.08754686,-0.1155676
ASV 313,-0.14832197,0.06662817,-0.21518922,-0.043012563,0.068088174,-0.0031319086,0.12841448,-0.09082526,-0.04207259,0.010738707,-0.040352013,-0.014392929,-0.10707424,-0.04743912,-0.034089446,0.04032139,0.027083155,-0.097022876,0.059092805,0.113424465,-0.062472373,0.11364849,-0.06423303,0.072469704,0.13517961,0.14401107,-0.07497721
ASV 317,0.09335867,0.055396844,-0.08810591,-0.055962097,-0.099831015,0.0021184252,0.07650072,-0.022807399,0.0785395,-0.0501951,-0.08579433,0.0061904965,0.015126097,-0.03727115,0.06525742,0.12936288,-0.094451316,-0.10147031,0.0637128,0.0649847,0.03373775,0.13370545,-0.14774995,-0.09177997,-0.045355253,0.03960175,-0.046694133
ASV 320,0.010974413,0.09617531,-0.024521815,0.14395945,-0.06996459,0.009180032,0.04019888,0.17182344,0.07792358,-0.11519684,-0.0035795162,0.020205852,0.0981564,-0.017952003,-0.08941956,0.046578985,-0.06841681,-0.028381413,0.15801114,0.09061986,0.028533297,0.10946513,-0.17016645,0.07300288,-0.054398898,0.12140104,-0.07371681
ASV 322,-0.06310039,0.039927788,-0.18295008,0.02971272,0.05972525,0.011415682,0.06560669,-0.10429179,0.0040602577,0.041275565,0.020449905,0.026669163,-0.07482721,-0.057914518,-0.086946554,0.0006778059,0.07540177,-0.12688018,-0.0743636,-0.03698663,-0.042108692,0.048295174,-0.058489505,-0.02261843,0.11926841,0.042623483,-0.14098297
ASV 324,-0.07818956,0.0115670385,-0.14745353,-0.019205714,-0.045875706,-0.06745793,0.06361886,-0.089035235,0.006075702,-0.0683081,-0.06782378,0.016234627,-0.048130497,-0.06884378,-0.12985049,0.012687916,0.056234732,-0.06775938,-0.029414019,0.043561082,0.020055769,0.011625193,-0.061534107,0.06543445,-0.02765679,0.17693812,-0.15487555
ASV 325,-0.06763284,0.05393623,-0.20079277,0.0670323,0.044297636,-0.100886434,-0.031271107,0.017019132,-0.029456057,-0.051886994,0.03969798,0.0877414,-0.05885471,-0.095464826,-0.1573172,2.7912174e-05,0.090469986,-0.08733037,-0.060328938,0.06538586,-0.050630316,-0.011322487,-0.033999488,0.06568541,0.07717071,0.08402606,-0.11388877
ASV 327,-0.06602997,0.03779359,-0.19784515,-0.0055183885,-0.06599426,-0.16247918,0.04141805,-0.11065075,-0.07860275,-0.07015164,0.09091669,0.025114844,-0.03149644,-0.105872236,-0.13767298,-0.0051268195,0.07662413,-0.049091656,-0.13992846,0.07577278,0.05878183,0.13161807,-0.040054113,0.026661472,0.13275187,0.10894289,-0.18609524
ASV 328,-0.030723669,0.030603573,-0.14998582,0.05645289,0.112421624,-0.084413,0.099743724,-0.107816085,-0.045230396,0.011879315,-0.10471622,0.038147427,-0.08062669,-0.03806582,-0.06490659,-0.08314584,-0.06055408,-0.13522209,0.013116984,0.08295909,-0.07455184,0.13699423,-0.13441712,0.035612874,0.043996364,0.14880502,-0.0780908
ASV 331,-0.0706405,0.0909695,-0.17986861,-0.067880504,-0.087654,-0.15647033,-0.008350832,-0.13885757,0.009428542,-0.106810965,0.065103,0.14850801,-0.03169631,0.020418921,-0.09128243,0.013552285,0.096085146,-0.15720198,-0.085378274,0.10224469,-0.045310006,0.03557561,-0.111522876,0.012390871,0.06398536,0.13849688,-0.17207958
ASV 334,-0.08930739,0.11446208,-0.21537784,0.07847673,0.06920646,-0.115089886,0.0476284,0.023686823,-0.012901026,0.035126746,0.0337441,0.033654775,-0.018874217,-0.07581364,-0.17480424,0.01664538,0.08862249,-0.08811112,-0.014880651,0.059029903,-0.080897465,-0.033714443,-0.0937011,-0.012155093,0.0513074,0.031734493,-0.14152797
ASV 337,-0.09912528,-0.0725477,-0.14650069,-0.008020361,-0.09565228,-0.14351004,0.08517082,-0.05499184,-0.041403215,-0.030061318,-0.04057601,0.04885029,-0.026284598,-0.04732079,-0.15757589,-0.03474471,0.11845754,-0.1010812,-0.058872897,0.00929345,-0.028099012,0.09695126,-0.04645862,-0.02180474,-0.061405286,0.18624036,-0.12036584
ASV 338,-0.11598846,0.088517286,-0.13571344,0.028491426,-0.021528019,-0.04007464,0.07084605,-0.031659313,-0.06991214,-0.07023442,-0.033805974,0.06275835,-0.043428764,-0.059720393,-0.16266514,0.052129097,0.09514816,-0.053154152,-0.07552038,0.019971548,-0.063289516,-0.033806078,-0.10423359,0.008929702,0.007342377,0.10547594,-0.13890374
ASV 339,-0.11372672,0.037726212,-0.20384815,0.006816763,0.017680503,-0.17589006,0.018595312,-0.09470085,-0.085813925,-0.015435354,0.00484548,0.11488441,0.019066075,-0.030668244,-0.059021812,-0.07200187,0.1424062,-0.13623056,0.030897692,-0.017436843,0.016945845,0.049785152,-0.13088122,0.10946035,0.005966193,0.049692594,-0.22905588
ASV 340,-0.09711819,0.0034109475,-0.20905259,0.0671917,0.068168275,-0.017797358,0.10317563,-0.08406548,-0.061009526,0.028127356,-0.007905352,0.024673644,-0.085398965,-0.051029414,-0.03464736,-0.057771463,-0.05903104,-0.1636369,-0.013426427,0.10225095,-0.07637039,0.11739411,-0.11847633,-0.041385446,0.032121312,0.10772539,-0.07352179
ASV 342,-0.08249166,0.040085223,-0.10829224,0.008609183,-0.041500535,-0.17784098,-0.070612304,-0.13443345,-0.10037592,0.084149785,-0.02900766,0.02735199,0.019982988,-0.093339264,-0.18988763,0.046619974,-0.021829339,-0.15918584,-0.008896136,0.029340675,-0.08977492,0.07397783,-0.050866157,0.10672696,0.050472554,0.17601365,-0.2079913
ASV 343,-0.1089569,-0.06703446,-0.14641172,0.06706284,0.029633114,-0.04919132,0.043270633,-0.045801453,-0.06894176,-0.038143914,-0.067281574,0.018427053,-0.09228348,-0.083984055,-0.1480278,-0.029062947,0.083846465,-0.020230772,-0.0712878,-0.025678502,-0.03145744,0.06472533,-0.044692922,0.06794302,0.014481245,0.21476895,-0.09870494
ASV 345,0.060530793,-0.060114224,0.05425121,0.09805221,-0.0900568,-0.059917368,-0.08772517,-0.024066424,0.060164183,0.014309843,-0.11959599,-0.05168223,-0.16778369,-0.023827551,0.079903916,-0.047097743,0.15690093,-0.051816314,0.06903155,0.1237156,-0.07926719,0.08305947,-0.058581837,0.055978946,0.009202559,0.050693836,-0.029619077
ASV 349,-0.020666247,0.057103634,-0.1703872,0.010706463,-0.036723647,-0.092037186,-0.04860686,-0.045139614,-0.022358017,-0.08649094,0.023853967,0.09628905,0.02573986,-0.03567757,-0.15970059,-0.028019639,0.09351625,-0.14083977,-0.011332966,0.036828224,-0.019686243,0.059535608,-0.04345255,0.03592991,0.056413617,0.1423919,-0.1335886
ASV 350,0.22160241,-0.08494742,-0.020111196,-0.05977157,0.16502038,0.0723558,0.116747096,-0.019797565,-0.15461004,0.030985106,0.13060549,0.08066411,0.017494196,0.07633507,-0.0032645427,-0.055177175,0.008400806,0.21282114,-0.04951123,0.05026713,-0.06985395,-0.103943564,-0.19998431,0.038007844,0.052256797,0.063073635,0.080372795
ASV 351,0.2778846,-0.1046471,-0.06488172,-0.04885936,0.014274075,-0.0740151,0.021960285,0.010304723,-0.17103948,0.099352844,0.063890405,0.101201616,0.10954643,0.13721928,-0.0365611,-0.016031703,0.009857951,0.091752194,-0.03412435,0.10047307,0.0031208207,-0.039000466,-0.03428147,0.07968764,-0.0057648085,0.004326075,0.078962594
ASV 353,0.30155972,-0.15187413,-0.09050229,-0.041123275,0.056301072,-0.07468891,0.024273671,-0.0232721,-0.1597575,0.0868323,0.126673,0.06653305,0.09859165,0.1316854,-0.028657207,0.042607836,0.013321946,0.12831847,-0.10456634,0.054920226,-0.05946096,-0.005900835,-0.041022245,0.05896174,-0.015843546,-0.036143016,0.027286118
ASV 354,0.2551938,-0.088912256,-0.07880208,0.030381994,0.14143594,0.0022997614,0.104196705,0.053185634,-0.061140835,-0.029902123,0.04344802,0.10357448,-0.006288105,0.11687373,-0.030195676,0.0065971073,-0.00768498,0.19504279,-0.07263547,0.036789875,0.012790095,-0.03870019,-0.15212914,0.069636695,-0.04232475,-0.019800868,0.026963083
ASV 355,0.2783483,-0.058662184,-0.07488596,-0.09151673,0.1594641,0.073750414,0.08591382,0.04012349,-0.16710019,0.031451695,0.07678791,0.101007015,0.018625043,0.026513224,-0.066900834,-0.062576205,0.048332915,0.19736741,0.048611116,0.043496277,-0.016202068,-0.1261348,-0.1928105,0.020381713,-0.011372242,0.05192853,0.10376555
ASV 356,0.30949923,-0.012940189,-0.118735574,0.011694801,0.045756016,0.025397627,0.010814429,0.019916173,-0.15818675,0.067419,0.14860412,0.10686784,0.1531488,0.17727722,-0.027942464,0.0022165764,0.005775915,0.06727578,-0.020939466,0.12925348,0.024487702,-0.09208865,-0.09088941,0.07763851,0.049275465,-0.025796346,0.05971321
ASV 357,0.32463163,-0.04437087,-0.097318664,-0.025249993,0.027307399,-0.03042769,0.051447544,0.0076773297,-0.08737879,0.08861641,0.117959715,0.07881529,0.13432464,0.118984215,-0.05669075,-0.001572164,0.0060850293,0.12341699,-0.046089042,0.10073851,0.030850785,-0.03585141,-0.07272335,0.08893899,0.04438212,-0.048630465,0.017018432
ASV 361,0.23496862,-0.1630098,-0.09790849,-0.09152814,0.10080725,0.0024128854,0.1298103,0.043104377,-0.15892212,-0.013244562,0.060444172,0.04371341,0.07600011,0.042824786,-0.058354426,-0.12859574,-0.0015795617,0.25603876,0.020663718,0.118434265,-0.02256593,-0.189238,-0.23039812,0.0039355317,-0.108009316,0.06076801,0.03446355
ASV 362,0.20760223,-0.09100011,-0.068959124,0.05550124,0.13245514,0.04122518,0.09294877,0.04409277,-0.04971825,0.064027555,0.03544719,0.07475401,0.0012021052,0.14157543,-0.018720033,-0.04498317,-0.056705974,0.16388793,-0.04573574,0.09250832,-0.027428301,-0.07889746,-0.1315245,0.09334706,0.03407733,0.031153774,0.09417183
ASV 363,0.27905142,-0.11990423,-0.07100643,-0.050183862,0.06324839,-0.07980661,0.003926222,0.0035984747,-0.137136,0.113861986,0.112613335,0.056906864,0.09681176,0.094204634,-0.047160406,0.0018852743,-0.020428285,0.078841776,-0.047674567,0.09331731,-0.06188387,-0.05553482,-0.04216149,0.07961114,-0.008668656,-0.0020943056,0.06422413
ASV 365,0.12091,-0.14148597,-0.033780012,-0.00917157,0.07993574,-0.049571257,-0.0056519234,-8.280479e-05,-0.017970646,0.06434648,0.04385999,0.045458086,0.08018739,0.014465787,-0.03435982,-0.003095214,-0.01579157,0.11788111,-0.0040195673,-0.018127529,-0.002119491,-0.060466737,0.016321013,0.0114929555,0.045884915,0.024913426,-0.002059348
ASV 366,-0.18631047,0.026823113,-0.23213658,0.064906806,0.09580816,-0.10612108,0.047181115,-0.11070552,-0.1230053,0.07229916,-0.12290959,-0.05396333,-0.05651941,-0.013635569,-0.029521111,0.09813289,0.0076438272,-0.013870879,-0.01940536,0.07534946,-0.08153319,0.05010448,-0.058328338,0.0961203,0.1408358,0.1663,-0.122596055
ASV 367,0.0036154813,0.0028210108,0.04859047,0.020389963,-0.055373684,0.008894227,-0.06669461,-0.04945448,-0.11099632,-0.06666954,-0.06591227,0.08471679,-0.083166644,-0.07739063,-0.09254682,0.08577975,-0.12967367,-0.01692208,-0.06041674,0.09284483,-0.1669335,0.02264128,-0.02640039,0.02570318,-0.018822996,0.057671804,-0.06696496
ASV 370,0.017942326,-0.032967556,0.03933316,0.17698137,-0.0064187367,-0.048367433,-0.04736012,0.08647178,0.01878954,0.032491658,-0.021053428,-0.17258306,-0.06607603,-0.08699113,0.087669335,-0.017572705,0.14590187,-0.105391145,0.08423164,0.11272642,-0.104994856,0.07490062,-0.07014907,-0.095652446,0.07802227,-0.009732261,-0.05971905
ASV 371,-0.036475252,-0.009357954,0.03144993,0.10742444,-0.049917605,-0.15695645,-0.08174606,-0.0039205346,0.0007633638,0.036423624,-0.09588517,-0.10446694,-0.13619013,0.00562371,0.103826195,0.008769274,0.23061256,0.011636799,0.043906372,0.07457781,0.01628986,0.0033788215,-0.049518872,-0.025871659,0.05324028,0.017246181,-0.075375654
ASV 372,-0.1379208,0.087013006,-0.19967374,0.0018696199,0.09080271,0.022550236,0.15577774,-0.092392795,-0.0253435,0.005253698,-0.024706598,-0.024281077,-0.07595212,-0.0035903559,-0.039064202,0.0056842244,-0.015261577,-0.13890739,0.043733805,0.078597315,-0.081574224,0.13490927,-0.11974895,0.061094657,0.123506084,0.0592295,-0.15306251
ASV 373,-0.018200718,0.046711233,-0.093922846,0.020163838,0.0066320733,-0.13055708,0.053061623,-0.02516532,0.06711766,0.03480418,0.049248878,0.077080786,-0.05930049,-0.05871271,-0.2096429,-0.036863722,0.022153014,-0.084292114,-0.03397749,0.10023603,-0.11486613,0.090213,-0.0685828,0.021520168,-0.018807717,0.13884018,-0.15692165
ASV 375,0.06656073,-0.019517124,-0.10137737,-0.09538826,0.023542551,0.015182698,-0.10347791,0.005714966,-0.039365362,-0.044837344,0.037316624,-0.14004381,0.09690133,0.0825513,-0.022554858,-0.02124604,0.009324094,-0.05171207,0.103866205,-0.1467917,0.044645227,0.021535635,-0.05844372,-0.013031411,0.08595859,0.15702678,0.102614634
ASV 376,-0.048248656,0.027568357,-0.021740694,-0.051865403,-0.021278668,0.03847862,0.0335308,0.033076506,-0.083554074,-0.1141652,0.015336525,-0.012876185,0.016577447,0.1185166,0.003360508,-0.029189225,-0.0641305,0.03675402,0.023154266,-0.017853014,0.00033365414,0.033857256,-0.068895765,-0.05048276,0.045770466,0.027167553,0.07245887
ASV 384,0.06330236,0.11074656,-0.039977293,-0.099739686,0.08653267,-0.07171168,-0.06832383,0.04132623,-0.011479622,-0.054852925,0.07496252,-0.050538253,-0.020229101,0.14227502,-0.073527105,0.15303305,-0.057097632,0.07110919,0.111164875,-0.11856742,0.011793944,0.15420794,-0.079487704,-0.050641835,-0.012869062,0.0059143864,-0.026897972
ASV 388,-0.009489209,0.06580852,-0.06464039,-0.10160273,0.015695456,-0.08217832,-0.0533445,0.07845593,-0.05313518,-0.028630584,0.025343986,-0.04537353,-0.043064907,0.12845945,-0.07025202,0.06421805,-0.06242939,0.10452042,0.08434802,-0.021564955,0.0010510222,0.11587689,-0.004063761,-0.040491022,0.09516373,-0.0059348764,0.090346634
ASV 392,-0.011778218,0.024956837,-0.05686963,-0.07857481,-0.030330794,-0.03941895,-0.022000952,0.0472381,0.016014598,-0.06580458,-0.0149989575,-0.026930546,0.013902808,0.2036405,-0.052274656,0.08078597,0.018678306,0.103926554,0.044167627,-0.07864016,-0.021936765,0.06324246,-0.034246273,-0.040127035,0.030573295,0.07807338,0.06811844
ASV 393,-0.009475054,0.035834897,-0.062426906,-0.09879881,-0.043069784,-0.060706176,-0.042087846,0.051125273,-0.008884553,-0.09752897,-0.033577982,-0.033349246,0.03576932,0.24963929,-0.04747891,0.11697807,0.03153124,0.103860304,0.054727387,-0.10964456,-0.02414882,0.07368942,-0.059683703,-0.048501506,0.020852,0.07700839,0.054878607
ASV 394,0.021617921,0.042802073,-0.08342464,-0.085894704,-0.017884977,-0.017019656,-0.03774442,0.040236752,0.032611836,-0.070751555,-0.0025112107,-0.055614565,-0.026131414,0.24886191,-0.06977162,0.095119104,0.016166644,0.07795047,0.034230966,-0.08461304,-0.0015487211,0.060774997,-0.038035028,-0.05242867,0.020567589,0.1011302,0.08985445
ASV 395,-0.013294022,0.03308686,-0.09194831,-0.05990431,-0.006707819,-0.0022591024,-0.0341443,0.06113058,0.032010663,-0.07493021,0.0062829223,-0.0620471,-0.0070551205,0.24130183,-0.060947742,0.12170094,0.032946356,0.1019595,0.042925507,-0.09841943,-0.0077666813,0.06493415,-0.02563517,-0.023085093,0.03933116,0.09606972,0.06727463
ASV 399,-0.018307112,0.040597916,-0.0906106,-0.09357157,-0.0053447476,-0.049512755,-0.016321402,0.028064184,0.028203454,-0.03573766,-0.03571146,-0.067643724,0.00031372032,0.24129298,-0.03241482,0.108391844,0.043746542,0.113375865,0.04103706,-0.12520775,-0.019679446,0.030278208,-0.079532795,-0.07338549,0.055556856,0.0848852,0.088908434
ASV 403,-0.1461313,-0.00628802,-0.113934174,0.21217024,-0.120159425,-0.05731373,-0.010361461,0.10277954,-0.019196516,0.09812069,0.04764478,0.047100972,0.040225025,0.10887187,0.05665714,0.19587034,-0.034590084,0.015223336,-0.0876107,0.1673308,-0.18454316,-0.05231837,-0.14769076,-0.13042416,-0.019011281,0.1673041,0.05052884
ASV 410,0.05905816,-0.020973116,-0.038233094,-0.039478004,-0.08819459,0.09384792,0.111356,-0.041897167,-0.14272855,0.0004935653,-0.17761764,-0.14005609,0.13613044,0.13423961,-0.06498548,-0.082177475,0.060968634,-0.12706967,-0.078742124,-0.042517018,-0.05309105,-0.13817696,-0.036259383,0.16738833,0.035064828,0.053541422,-0.07293832
ASV 416,0.05098078,-0.03746104,0.07678094,-0.015782285,0.07771661,0.0926218,0.05057622,0.11149711,0.02334,0.100838095,-0.01807535,0.13750671,0.12996028,0.1658932,0.051987533,-0.010633937,-0.013406367,-0.07433558,-0.08807654,-0.14552045,0.011211423,0.06474878,0.15006638,-0.11850838,-0.009793494,0.07594131,-0.16356465
ASV 417,-0.0054753083,-0.028872514,0.014867075,0.0016794134,0.122814104,0.0738857,0.06885415,0.1292024,-0.028557213,0.06622007,-0.044599183,0.0990603,0.06670143,0.19216289,0.092435814,-0.05053875,-0.0009999874,-0.026274266,-0.143471,-0.16620016,0.07139243,0.025867445,0.11984172,-0.12521772,0.057736944,-0.0041483087,-0.13324386
ASV 418,0.07944527,-0.008233129,0.08361036,-0.0036652042,0.15532537,0.080311544,-0.029092805,0.10315299,-0.04409053,0.14126591,-0.0004612568,0.089843616,0.12092634,0.101301715,0.0018997357,-0.016417397,-0.08580083,-0.06316944,-0.0300595,-0.17508325,0.04071024,0.07399485,0.14970297,-0.16930531,-0.009461662,0.087871835,-0.17298105
ASV 422,-0.022615064,0.0702912,-0.06642116,0.036466885,-0.025383623,0.035614494,-0.09026649,0.22214304,-0.11374055,0.081871875,-0.14277582,0.15243906,-0.14406018,0.18854749,-0.10459177,-0.011577617,-0.19044013,-0.1171228,-0.036830015,-0.1069785,-0.029433627,0.06541454,0.008949838,-0.020569274,0.008212867,-0.16393904,0.13082904
ASV 436,0.043483414,0.04439433,0.04061459,-0.31817392,0.28883916,0.10058446,0.022375703,0.2522496,-0.06424697,0.018143553,-0.09171278,0.063041344,-0.05277139,0.096785836,0.06736795,-0.021563789,-0.07674777,-0.016142327,0.006789569,0.05426603,-0.024991347,-0.09987237,0.2567498,-0.07363171,0.09328231,0.07982245,-0.18267506
ASV 440,0.017055387,-0.0125351455,0.10436952,-0.24749306,0.24127282,0.027950795,0.099629164,0.30495527,-0.07953448,-0.051776595,-0.07885893,0.030717766,-0.078383215,0.13697642,0.05999734,-0.05034392,-0.097069554,-0.07786138,-0.0498802,0.06849275,0.07385059,-0.032307975,0.2506426,-0.118619196,-0.0008622678,0.17924158,-0.11033744
ASV 441,-0.0034762837,0.013865365,0.14721939,-0.22803317,0.2529565,0.05016133,0.1080916,0.35358196,-0.009759065,0.00012149221,-0.019810345,0.107637264,-0.040859945,0.058964584,0.07605321,-0.017756736,-0.041934848,-0.034978066,-0.09113921,0.09224929,0.08976256,-0.07224666,0.2985194,-0.023701787,0.13387932,0.22453284,-0.19571933
ASV 442,0.02108916,0.007089209,0.13990542,-0.2519323,0.22646251,0.007493686,0.07883201,0.28006956,-0.042225417,-0.044009827,-0.039341263,0.08020469,-0.09820877,0.13490508,0.043308444,-0.030489687,-0.10401894,-0.07759606,-0.06508588,0.06880341,0.058787685,-0.0008862809,0.25887665,-0.12198005,0.033353664,0.17978264,-0.11345811
ASV 449,0.009373421,0.085662894,0.13633388,-0.25050125,0.207314,-0.053574357,0.0657929,0.3088712,0.010107912,-0.075531095,-0.13415022,0.058424935,-0.002312678,0.1472432,-0.023023931,-0.07931677,-0.102325514,-0.06646658,-0.08755637,0.015671823,-0.0455063,-0.14732175,0.14250278,-0.116532944,0.15099727,0.03215693,-0.14610203
ASV 451,0.025647214,0.09473678,0.20799762,-0.279378,0.15485701,-0.056383934,0.12452772,0.3153328,-0.024867916,-0.023609301,-0.14529762,0.11582496,-0.0065185707,0.1125167,-0.050214935,0.010253382,-0.04761887,0.008464882,-0.074945696,0.008183619,-0.08150852,-0.052110408,0.17493716,-0.028189903,0.08407307,0.030999292,-0.17244878
ASV 454,0.048455957,-0.00090059196,0.07503919,-0.021811686,0.12340185,0.07227846,-0.012270608,0.104977764,-0.018177535,0.13486107,-0.019396972,0.1473516,0.13853192,0.17933355,0.037784044,-0.059551783,-0.040386215,-0.053676594,-0.030420715,-0.13199529,-0.0023971333,0.04473641,0.14504255,-0.13767068,0.024818439,0.077789806,-0.14657025
ASV 457,0.13978088,0.013141767,-0.07031684,-0.20906687,-0.08106246,0.03721037,-0.1445476,0.00514213,-0.011928831,-0.07628281,-0.091683365,0.076270536,-0.058764372,-0.12648138,-0.042928763,-0.031322237,-0.093954,0.083357975,-0.15543033,-0.16363,0.14505081,-0.091085844,-0.028215004,-0.194984,0.14184365,0.017713664,0.0026352878
ASV 458,0.007801393,0.043870475,0.010104858,-0.21099667,-0.09072492,-0.029921986,0.025520254,0.17537007,0.14611208,0.08366477,-0.10564421,-0.04052383,0.05259126,-0.04445745,-0.12838888,0.06617567,0.023900092,-0.10297255,0.030071327,-0.07091456,-0.1199284,-0.11788875,0.09926094,0.16579603,0.14587133,-0.017567514,0.11322243
